asset_id,lat,lon,building_type,value_jpy,year_built,occupants
C0001,32.81534,130.68825,industrial,40868828,1979,8
C0002,32.82601,130.77297,residential,87254563,1992,2
C0003,32.74828,130.71342,residential,83329037,1977,45
C0004,32.81649,130.75584,commercial,68291817,2002,17
C0005,32.83404,130.68584,commercial,64722344,1986,17
C0006,32.7621,130.80944,industrial,21718431,1970,24
C0007,32.75564,130.79517,industrial,13831819,2011,29
C0008,32.80399,130.81151,agricultural,830511,2000,0
C0009,32.77725,130.76672,industrial,85490893,1977,45
C0010,32.75265,130.77096,industrial,18709497,2019,14
C0011,32.84031,130.73442,agricultural,3166253,2018,0
C0012,32.78513,130.73312,commercial,43833156,2009,43
C0013,32.81628,130.76419,commercial,79691040,2011,15
C0014,32.76297,130.73433,commercial,51524491,2018,3
C0015,32.7702,130.68917,industrial,61843426,1982,4
C0016,32.76821,130.80758,industrial,36538251,2006,31
C0017,32.78852,130.80389,agricultural,1099246,1981,0
C0018,32.76036,130.78185,industrial,86461803,1992,37
C0019,32.78893,130.71351,commercial,76387461,1996,5
C0020,32.82814,130.79694,commercial,92214382,1975,43
C0021,32.79144,130.69326,agricultural,2999337,1994,0
C0022,32.8032,130.81124,residential,23374874,2008,34
C0023,32.8276,130.78492,industrial,22972279,1983,27
C0024,32.7624,130.68542,industrial,75187530,2013,11
C0025,32.80084,130.69883,industrial,93758349,1997,38
C0026,32.76688,130.73361,commercial,80394227,2014,33
C0027,32.84603,130.76286,agricultural,581691,1972,0
C0028,32.8472,130.79923,industrial,40138745,1968,15
C0029,32.84158,130.8081,residential,73228535,2017,4
C0030,32.85258,130.75425,commercial,25232410,2007,30
C0031,32.84915,130.70647,agricultural,1388346,1999,0
C0032,32.82808,130.77468,industrial,61551839,2007,41
C0033,32.78608,130.80195,agricultural,1007528,1980,0
C0034,32.76972,130.72895,commercial,86979095,1979,0
C0035,32.75281,130.76704,commercial,17046318,1967,21
C0036,32.75279,130.71594,agricultural,1398574,1999,0
C0037,32.75955,130.80662,agricultural,1519204,2015,0
C0038,32.79703,130.73792,residential,21009833,2007,27
C0039,32.78397,130.73844,residential,94728778,1971,3
C0040,32.78929,130.72911,residential,41374088,1977,12
C0041,32.80399,130.70322,commercial,45385696,1994,15
C0042,32.84119,130.6948,residential,14789850,2006,34
C0043,32.83696,130.81097,commercial,30321899,1991,31
C0044,32.79795,130.7974,residential,30097220,1989,0
C0045,32.85338,130.71948,agricultural,1696421,1992,0
C0046,32.82163,130.77997,agricultural,1149264,1977,0
C0047,32.77764,130.81093,residential,50091325,1968,3
C0048,32.80926,130.75037,commercial,15634247,1997,5
C0049,32.83865,130.69391,residential,39568532,1990,7
C0050,32.84858,130.75906,residential,91131979,1970,26
C0051,32.81731,130.75848,industrial,42999379,1978,42
C0052,32.82378,130.71603,agricultural,1048943,2007,0
C0053,32.81601,130.74444,residential,9250299,1994,39
C0054,32.85483,130.81449,residential,80160068,1978,32
C0055,32.77417,130.80632,residential,40787299,1988,18
C0056,32.76235,130.79339,industrial,90097999,2016,41
C0057,32.80318,130.77182,industrial,21903144,1973,16
C0058,32.7577,130.69891,commercial,44553958,1983,38
C0059,32.76817,130.72957,industrial,75834855,1996,16
C0060,32.84459,130.79499,residential,93132217,1992,17
C0061,32.74985,130.72836,commercial,93511909,1981,10
C0062,32.82654,130.75672,agricultural,2852613,1965,0
C0063,32.75731,130.80786,commercial,81227889,1967,23
C0064,32.80908,130.70425,commercial,13614174,1984,23
C0065,32.84389,130.7885,residential,56024342,1978,43
C0066,32.77245,130.69836,agricultural,3103243,2012,0
C0067,32.762,130.80588,commercial,31763566,1991,1
C0068,32.76473,130.80518,agricultural,3864818,2007,0
C0069,32.84005,130.7904,industrial,29367172,2015,44
C0070,32.75689,130.79838,agricultural,1432954,1977,0
C0071,32.83482,130.74484,industrial,38547349,1979,1
C0072,32.8176,130.7368,industrial,17317495,2014,17
C0073,32.78363,130.75122,industrial,11704481,1972,16
C0074,32.76464,130.81013,industrial,13134794,1971,38
C0075,32.7928,130.77971,industrial,66571795,2003,32
C0076,32.75772,130.80194,commercial,42188276,1967,45
C0077,32.79297,130.75259,commercial,56884978,1992,4
C0078,32.84938,130.8047,industrial,24726926,2011,19
C0079,32.80078,130.7717,industrial,62009265,2009,18
C0080,32.80599,130.70994,agricultural,3340877,2012,0
C0081,32.84431,130.76502,industrial,62502486,2000,0
C0082,32.77843,130.71232,industrial,70409658,1993,28
C0083,32.81932,130.75145,commercial,19381064,1983,32
C0084,32.81802,130.7655,residential,39523529,2008,19
C0085,32.76971,130.71089,residential,14202700,1980,30
C0086,32.81224,130.7849,agricultural,2238291,2005,0
C0087,32.80832,130.77838,agricultural,2573568,1990,0
C0088,32.77184,130.77029,residential,22305904,2014,27
C0089,32.76907,130.78953,agricultural,710631,2000,0
C0090,32.77241,130.79528,agricultural,1059264,2016,0
C0091,32.79611,130.75405,industrial,67401199,2004,32
C0092,32.79194,130.80289,agricultural,1167556,2012,0
C0093,32.83976,130.74351,commercial,93585469,1982,33
C0094,32.79831,130.7161,agricultural,824988,2010,0
C0095,32.77643,130.72032,industrial,80498004,1970,8
C0096,32.76159,130.73479,commercial,36716269,1969,26
C0097,32.78984,130.75554,agricultural,761161,1978,0
C0098,32.83662,130.73563,residential,85267850,1989,30
C0099,32.74565,130.73073,agricultural,2257502,1999,0
C0100,32.82723,130.756,commercial,73529051,1979,17
C0101,32.79294,130.68877,industrial,62266464,2011,10
C0102,32.83746,130.80454,residential,60884503,2002,36
C0103,32.81793,130.69591,agricultural,1069164,1994,0
C0104,32.76499,130.71882,industrial,36408562,1994,20
C0105,32.78213,130.79935,industrial,64581473,1981,5
C0106,32.79673,130.78237,residential,54970882,1979,41
C0107,32.75255,130.80945,residential,12164775,1980,12
C0108,32.83732,130.76577,commercial,24941092,1995,42
C0109,32.75758,130.80821,agricultural,3433768,1981,0
C0110,32.82936,130.70681,residential,29980274,1984,6
C0111,32.80866,130.80576,agricultural,2163689,2010,0
C0112,32.76682,130.76197,commercial,21676961,2009,19
C0113,32.83853,130.76305,residential,83958181,2015,2
C0114,32.78319,130.74069,industrial,17255216,1997,41
C0115,32.78254,130.79544,agricultural,942662,1992,0
C0116,32.85069,130.76763,agricultural,3466667,1974,0
C0117,32.7929,130.78039,industrial,90666356,2016,34
C0118,32.83021,130.74543,industrial,51258988,2019,15
C0119,32.83638,130.69627,agricultural,1522837,2013,0
C0120,32.79612,130.76434,agricultural,1910949,1966,0
