lat,lon,inundation_signal,risk_score,error_type
32.806,130.728,0,0.6057178255561149,false_positive
32.806,130.734,0,0.6440805318308659,false_positive
32.806,130.74,0,0.8842007092140798,false_positive
32.806,130.746,0,0.8488437974734461,false_positive
32.8,130.698,0,0.7079322063898577,false_positive
32.8,130.704,0,0.657796832658315,false_positive
32.8,130.71,0,0.6451323565218856,false_positive
32.8,130.74,0,0.7437154382215921,false_positive
32.8,130.746,0,0.8167283901556533,false_positive
32.794,130.698,0,0.6378487026609534,false_positive
32.794,130.71,0,0.8842056505164603,false_positive
32.794,130.722,0,0.7956614746289752,false_positive
32.794,130.734,0,0.553857153353007,false_positive
32.794,130.746,0,0.8482285249128472,false_positive
32.794,130.758,0,0.7151142264280324,false_positive
32.788,130.692,0,0.66198411327595,false_positive
32.782,130.752,0,0.6435088950417793,false_positive
32.782,130.758,0,0.7699160092297105,false_positive
