lat,lon,elev_m,slope_deg,hand_m,river_dist_m,rain_flood_mm,rain_baseline_mm,rain_anomaly_mm,ndvi_pre,ndwi_pre,ndwi_post,ndwi_diff,elev_nbr_mean,elev_local_relief,hand_nbr_mean,inundation_signal
32.854,130.68,91.0,2.854997,86.0,8722.03,563.7975,14.680244,549.11725,0.57460815,-0.54950446,-0.58829844,-0.03879398,87.333336,40.0,82.333336,0
32.854,130.686,66.0,1.3792932,61.0,8558.359,564.14105,14.697587,549.4435,0.51084626,-0.5021042,-0.5312017,-0.029097497,78.0,48.0,73.0,0
32.854,130.692,73.0,2.5859299,68.0,8362.838,564.5648,14.718975,549.8458,0.46823633,-0.46030438,-0.5121782,-0.051873803,54.333332,56.0,49.333332,0
32.854,130.698,22.0,2.1810772,17.0,8147.2812,565.07837,14.744892,550.3335,0.40685076,-0.41423544,-0.51784635,-0.1036109,43.555557,51.0,38.555557,0
32.854,130.704,33.0,2.9563613,28.0,7931.756,565.69305,14.77591,550.9171,0.4882594,-0.4734081,-0.5367511,-0.06334299,42.88889,53.0,37.88889,0
32.854,130.71,75.0,2.37031,70.0,7716.261,566.42303,14.812751,551.6103,0.31625423,-0.3138153,-0.31765717,-0.003841877,47.555557,44.0,42.555557,0
32.854,130.716,43.0,2.9864936,38.0,7430.8896,567.28784,14.856397,552.43146,0.40223956,-0.39516556,-0.42370766,-0.028542101,42.77778,55.0,37.77778,0
32.854,130.722,20.0,1.053812,15.0,7035.5356,568.315,14.908235,553.40674,0.305445,-0.31191546,-0.3437796,-0.031864136,32.333336,23.0,27.333334,0
32.854,130.728,31.0,1.1833371,26.0,6640.2065,569.5421,14.970163,554.57196,0.30077824,-0.30915564,-0.29602844,0.013127208,31.88889,25.0,26.88889,0
32.854,130.734,34.0,1.1833371,29.0,6233.6206,571.0187,15.044681,555.974,0.32973376,-0.338993,-0.33495933,0.0040336847,38.444447,14.0,33.444443,0
32.854,130.74,45.0,1.4226965,40.0,5803.6313,572.8039,15.134777,557.6691,0.27240908,-0.2880221,-0.26007783,0.027944267,45.77778,26.0,40.77778,0
32.854,130.746,60.0,1.332904,55.0,5373.6655,574.9592,15.243547,559.7157,0.31253594,-0.32260904,-0.3010324,0.021576643,55.88889,35.0,50.88889,0
32.854,130.752,65.0,0.9544145,60.0,4895.333,577.53235,15.373407,562.15894,0.30173752,-0.3176825,-0.29967973,0.018002778,66.111115,29.0,61.11111,0
32.854,130.758,71.0,0.8864837,66.0,4391.4136,580.5314,15.524761,565.0066,0.348289,-0.37016383,-0.40443563,-0.034271806,73.0,15.0,68.0,0
32.854,130.764,76.0,0.57323813,71.0,3887.5115,583.89307,15.694416,568.19867,0.31413734,-0.3335129,-0.3504132,-0.016900301,76.77778,9.0,71.77778,0
32.854,130.77,80.0,0.26662698,75.0,3383.626,587.45746,15.874301,571.5831,0.24239488,-0.257002,-0.22326714,0.033734858,74.66667,38.0,69.66667,0
32.854,130.776,80.0,3.2756674,75.0,2879.7578,590.97,16.051567,574.9184,0.2675311,-0.28229997,-0.25394997,0.028349996,73.22222,45.0,68.22222,0
32.854,130.782,87.0,3.598123,82.0,2375.9065,594.12665,16.210876,577.9158,0.25380322,-0.2693406,-0.2447557,0.024584904,69.88889,45.0,64.888885,0
32.854,130.788,80.0,3.299287,75.0,1881.3401,596.6543,16.338438,580.31586,0.3119993,-0.32205892,-0.31205997,0.009998947,65.44444,42.0,60.444447,0
32.854,130.794,51.0,1.6685452,46.0,1436.2368,598.3865,16.425861,581.96063,0.41139412,-0.42008197,-0.46441796,-0.04433599,59.666668,32.0,54.666668,0
32.854,130.8,51.0,1.2179898,46.0,1104.0709,599.29645,16.471783,582.82465,0.42809325,-0.4459606,-0.5812517,-0.13529107,57.333332,26.0,52.333332,0
32.854,130.806,55.0,1.9036784,50.0,1004.00146,599.47473,16.480782,582.99396,0.4410037,-0.4675914,-0.5969076,-0.12931621,61.444447,36.0,56.444443,0
32.854,130.812,56.0,2.6884263,51.0,1195.7864,599.0772,16.46072,582.6165,0.45675534,-0.46417412,-0.51654965,-0.052375525,66.333336,32.0,61.333332,0
32.854,130.818,63.0,2.0170524,58.0,1576.2681,598.2739,16.42018,581.85376,0.45811316,-0.4662508,-0.51806957,-0.05181876,69.0,31.0,64.0,0
32.848,130.68,106.0,3.4440303,101.0,8065.8335,562.9646,14.638212,548.3264,0.60840076,-0.5764234,-0.6122108,-0.035787404,98.111115,70.0,93.111115,0
32.848,130.686,78.0,2.466001,73.0,7929.0093,563.2617,14.65321,548.6085,0.5326452,-0.5189981,-0.5507039,-0.031705797,80.77778,90.0,75.77778,0
32.848,130.692,58.0,2.6612234,53.0,7743.864,563.63824,14.672208,548.96606,0.4703242,-0.45516178,-0.4876626,-0.032500833,52.0,57.0,47.0,0
32.848,130.698,31.0,0.56289124,26.0,7531.668,564.10223,14.695627,549.4066,0.40038142,-0.41504338,-0.54649603,-0.13145265,43.11111,52.0,38.11111,0
32.848,130.704,47.0,1.3458807,42.0,7316.1313,564.66327,14.723941,549.93933,0.4857155,-0.47317868,-0.5589471,-0.0857684,44.555557,54.0,39.555557,0
32.848,130.71,48.0,0.8855038,43.0,7100.6255,565.3333,14.757754,550.57556,0.42375135,-0.40561444,-0.43193704,-0.026322603,47.666668,47.0,42.666668,0
32.848,130.716,31.0,1.121225,26.0,6888.466,566.1299,14.797957,551.3319,0.26390332,-0.28376248,-0.30225557,-0.018493086,39.77778,59.0,34.77778,0
32.848,130.722,30.0,0.5868881,25.0,6561.4194,567.0808,14.845946,552.23486,0.35405284,-0.3631782,-0.40158254,-0.038404346,31.555555,27.0,26.555555,0
32.848,130.728,42.0,0.9222569,37.0,6166.0664,568.22833,14.903861,553.32446,0.29067886,-0.2992703,-0.26905006,0.03022024,34.555557,34.0,29.555555,0
32.848,130.734,45.0,0.70308876,40.0,5770.7383,569.63403,14.974803,554.65924,0.24601823,-0.25807348,-0.23328634,0.024787143,45.555557,50.0,40.555557,0
32.848,130.74,39.0,1.564629,34.0,5373.9263,571.3798,15.062906,556.3169,0.28753814,-0.29219103,-0.2732193,0.018971741,53.555557,47.0,48.555557,0
32.848,130.746,50.0,1.9448565,45.0,4943.9336,573.56195,15.173035,558.3889,0.327911,-0.33476833,-0.32678115,0.007987171,62.0,42.0,57.0,0
32.848,130.752,74.0,1.4800116,69.0,4513.964,576.2736,15.309883,560.96375,0.27504766,-0.29567435,-0.2789717,0.016702652,68.333336,29.0,63.333332,0
32.848,130.758,79.0,0.3091358,74.0,4084.0168,579.5688,15.476183,564.0926,0.23766445,-0.25527942,-0.22570075,0.02957867,71.22222,22.0,66.22222,0
32.848,130.764,80.0,0.77367884,75.0,3591.311,583.4103,15.670052,567.74023,0.26397753,-0.2768267,-0.25558338,0.021243334,70.77778,37.0,65.77778,0
32.848,130.77,78.0,2.5039957,73.0,3087.3933,587.61676,15.8823395,571.73444,0.3103763,-0.31851518,-0.31190825,0.0066069365,65.77778,38.0,60.77778,0
32.848,130.776,42.0,1.9954467,37.0,2583.4927,591.84735,16.095848,575.7515,0.35693023,-0.3683228,-0.42814368,-0.05982089,64.333336,45.0,59.333332,0
32.848,130.782,45.0,0.830469,40.0,2079.609,595.6638,16.288454,579.37537,0.3503361,-0.3570949,-0.39434046,-0.03724554,66.0,46.0,61.0,0
32.848,130.788,48.0,0.83870846,43.0,1575.7422,598.66425,16.439878,582.22437,0.40508527,-0.41140854,-0.47646835,-0.06505981,67.666664,43.0,62.666668,0
32.848,130.794,60.0,1.5514294,55.0,1071.8926,600.61707,16.538431,584.0786,0.44066414,-0.44448754,-0.47659287,-0.032105327,67.666664,40.0,62.666668,0
32.848,130.8,65.0,1.696284,60.0,575.1335,601.5104,16.583513,584.9269,0.39764282,-0.40351456,-0.4488166,-0.045302033,68.22222,38.0,63.22222,0
32.848,130.806,77.0,1.83968,72.0,346.1437,601.5032,16.58315,584.92004,0.46924904,-0.46981362,-0.5141685,-0.044354886,73.0,41.0,68.0,0
32.848,130.812,87.0,1.5967149,82.0,736.0265,600.83154,16.549253,584.2823,0.57183117,-0.5475454,-0.5624424,-0.0148970485,77.333336,37.0,72.333336,0
32.848,130.818,85.0,1.2602752,80.0,1263.5374,599.72943,16.493637,583.2358,0.56330955,-0.5374933,-0.5360517,0.0014415979,79.44444,36.0,74.44444,0
32.842,130.68,136.0,6.5828295,131.0,7409.6367,562.0966,14.594406,547.5022,0.74824196,-0.6627168,-0.69929385,-0.036577046,113.333336,69.0,108.333336,0
32.842,130.686,73.0,4.686517,68.0,7299.658,562.34204,14.606794,547.7352,0.6256107,-0.56936574,-0.5765914,-0.0072256327,89.77778,96.0,84.77778,0
32.842,130.692,46.0,2.685765,41.0,7114.504,562.6655,14.623123,548.0424,0.5157846,-0.49093673,-0.52844125,-0.037504524,58.22222,80.0,53.22222,0
32.842,130.698,21.0,0.92007715,16.0,6916.0537,563.0738,14.643726,548.43005,0.47445986,-0.46667564,-0.54536957,-0.07869393,45.77778,47.0,40.77778,0
32.842,130.704,57.0,2.3926988,52.0,6700.506,563.57275,14.668906,548.9039,0.45381916,-0.44302446,-0.48581296,-0.042788506,46.77778,46.0,41.77778,0
32.842,130.71,67.0,1.6685452,62.0,6484.989,564.16974,14.699033,549.4707,0.37480575,-0.36806464,-0.376465,-0.008400351,44.555557,46.0,39.555557,0
32.842,130.716,28.0,2.635515,23.0,6269.503,564.8769,14.734724,550.14215,0.301813,-0.3120365,-0.32924643,-0.017209917,35.555553,54.0,30.555555,0
32.842,130.722,16.0,1.0569774,11.0,6067.914,565.7179,14.777164,550.94073,0.3266829,-0.33214697,-0.36053237,-0.0283854,27.444445,30.0,22.444445,0
32.842,130.728,43.0,1.9160007,38.0,5691.923,566.7351,14.828502,551.9066,0.32444757,-0.32852748,-0.30721033,0.021317154,38.666664,73.0,33.666668,0
32.842,130.734,50.0,2.6158056,45.0,5296.571,567.99896,14.89228,553.1067,0.42948335,-0.41472894,-0.40386292,0.010866016,59.11111,100.0,54.11111,0
32.842,130.74,81.0,3.8698974,76.0,4901.2437,569.6134,14.973759,554.63965,0.56897974,-0.527316,-0.525445,0.0018709898,71.77778,84.0,66.77778,0
32.842,130.746,78.0,2.0356514,73.0,4505.9414,571.7163,15.079887,556.6364,0.5158939,-0.49447885,-0.48716724,0.0073116124,77.44444,84.0,72.44444,0
32.842,130.752,66.0,0.830469,61.0,4084.202,574.462,15.218456,559.2435,0.3833828,-0.38612422,-0.3950626,-0.008938372,73.0,44.0,68.0,0
32.842,130.758,72.0,1.2277105,67.0,3654.2285,577.97864,15.395931,562.5827,0.27014953,-0.2870271,-0.2724836,0.0145435035,68.111115,52.0,63.11111,0
32.842,130.764,58.0,2.2644367,53.0,3224.278,582.28894,15.61346,566.6755,0.30865514,-0.32280254,-0.32050267,0.002299875,61.333332,40.0,56.333332,0
32.842,130.77,43.0,1.2104896,38.0,2791.1567,587.21136,15.86188,571.3495,0.36188936,-0.38215563,-0.43394744,-0.051791817,58.22222,40.0,53.22222,0
32.842,130.776,55.0,2.03487,50.0,2287.2236,592.3033,16.118856,576.18445,0.33326817,-0.35486525,-0.40280557,-0.047940314,60.555557,43.0,55.555553,0
32.842,130.782,69.0,2.4024825,64.0,1783.3076,596.9356,16.352642,580.58295,0.43030447,-0.41975015,-0.41238695,0.0073632,65.66667,46.0,60.666668,0
32.842,130.788,88.0,1.5417992,83.0,1279.4084,600.51544,16.533302,583.9821,0.67436934,-0.6102897,-0.6131331,-0.00284338,79.77778,116.0,74.77778,0
32.842,130.794,81.0,4.3264728,76.0,775.5264,602.71954,16.644539,586.075,0.5605662,-0.5326713,-0.5225258,0.010145485,84.22222,113.0,79.22222,0
32.842,130.8,85.0,1.1072316,80.0,271.66135,603.57007,16.687462,586.8826,0.34547028,-0.3534458,-0.32988977,0.023556024,88.33333,101.0,83.33333,0
32.842,130.806,89.0,0.59173167,84.0,232.18672,603.33093,16.675392,586.6555,0.3006374,-0.32063738,-0.31019217,0.010445207,84.666664,27.0,79.666664,0
32.842,130.812,92.0,0.19997087,87.0,736.01776,602.34625,16.625696,585.7206,0.49409664,-0.49087507,-0.48990935,0.00096571445,87.77778,15.0,82.77778,0
32.842,130.818,92.0,0.214455,87.0,1263.577,600.92554,16.553999,584.3715,0.5505141,-0.53530324,-0.5332416,0.0020616055,89.22222,7.0,84.22222,0
32.836,130.68,142.0,5.0386715,137.0,6753.4395,561.19995,14.54916,546.6508,0.81111866,-0.7061698,-0.7346332,-0.028463423,100.55556,107.0,95.55556,0
32.836,130.686,101.0,4.1055493,96.0,6654.973,561.3895,14.558724,546.8308,0.69512874,-0.62491,-0.63646996,-0.011559963,75.888885,130.0,70.888885,0
32.836,130.692,68.0,3.069512,63.0,6485.143,561.6566,14.572206,547.0844,0.6049449,-0.5563024,-0.5919605,-0.03565806,50.555553,89.0,45.555553,0
32.836,130.698,48.0,2.0779595,43.0,6300.0107,562.00586,14.5898285,547.416,0.51165056,-0.4835661,-0.5116707,-0.028104603,44.555557,56.0,39.555557,0
32.836,130.704,36.0,0.94306666,31.0,6084.879,562.43866,14.611668,547.82697,0.45958775,-0.4437678,-0.45587528,-0.0121074915,51.555557,46.0,46.555557,0
32.836,130.71,66.0,0.8990329,61.0,5869.3506,562.9548,14.63772,548.3171,0.39764467,-0.38748828,-0.3844457,0.0030425787,46.444443,46.0,41.444443,0
32.836,130.716,21.0,2.705362,16.0,5653.8535,563.557,14.66811,548.8889,0.36913404,-0.3629951,-0.36487594,-0.0018808544,34.0,54.0,29.0,0
32.836,130.722,13.0,0.1333142,8.0,5442.9355,564.25836,14.703507,549.5549,0.2891051,-0.29439566,-0.2888759,0.0055197477,24.88889,30.0,19.88889,0
32.836,130.728,23.0,3.7205606,18.0,5217.716,565.09436,14.745696,550.3487,0.37935787,-0.37418124,-0.35191283,0.022268414,39.0,73.0,34.0,0
32.836,130.734,86.0,5.1291366,81.0,4822.401,566.1366,14.798297,551.3383,0.7606448,-0.68149006,-0.68560135,-0.00411129,65.888885,100.0,60.88889,0
32.836,130.74,123.0,0.40819156,118.0,4427.0493,567.50696,14.867453,552.6395,0.80744565,-0.7166814,-0.73512363,-0.018442214,79.55556,73.0,74.55556,0
32.836,130.746,94.0,1.798813,89.0,4031.7234,569.3846,14.962212,554.42236,0.6614644,-0.6123307,-0.6268074,-0.0144767165,80.22222,74.0,75.22222,0
32.836,130.752,92.0,2.2625127,87.0,3636.422,571.9976,15.094087,556.9035,0.5445706,-0.5212603,-0.524456,-0.003195703,65.888885,62.0,60.88889,0
32.836,130.758,52.0,3.1564538,47.0,3224.437,575.5786,15.274808,560.30383,0.3609883,-0.36594757,-0.35389706,0.012050509,56.11111,60.0,51.11111,0
32.836,130.764,40.0,0.6090637,35.0,2794.46,580.2584,15.510986,564.74744,0.3435917,-0.36038774,-0.39754686,-0.037159115,51.11111,40.0,46.11111,0
32.836,130.77,50.0,2.235627,45.0,2364.506,585.9012,15.795762,570.1054,0.30740547,-0.34005377,-0.40603888,-0.06598511,56.666664,38.0,51.666668,0
32.836,130.776,78.0,1.9448565,73.0,1934.5752,591.9646,16.101765,575.86285,0.25441322,-0.26745066,-0.24951766,0.017932996,66.11111,42.0,61.11111,0
32.836,130.782,85.0,0.2299254,80.0,1487.0027,597.56726,16.384518,581.18274,0.4051376,-0.3978337,-0.3871012,0.010732502,75.0,33.0,70.0,0
32.836,130.788,81.0,3.9247427,76.0,983.07117,601.8435,16.600328,585.24316,0.66786665,-0.60937583,-0.6147558,-0.005379975,86.55556,93.0,81.55556,0
32.836,130.794,161.0,0.6910002,156.0,479.15665,604.34564,16.726603,587.619,0.71617174,-0.6461548,-0.6574315,-0.011276662,88.888885,93.0,83.888885,0
32.836,130.8,89.0,3.7492123,84.0,24.740831,605.15405,16.767399,588.38666,0.4202308,-0.4146017,-0.4081522,0.0064495206,90.333336,93.0,85.333336,0
32.836,130.806,88.0,0.47454348,83.0,528.6213,604.6775,16.743347,587.93414,0.54044574,-0.51834226,-0.5506127,-0.03227043,85.333336,18.0,80.333336,0
32.836,130.812,90.0,0.39927563,85.0,1032.4847,603.3905,16.678398,586.7121,0.5985368,-0.57193846,-0.6081977,-0.036259234,88.0,14.0,83.0,0
32.836,130.818,90.0,0.08578233,85.0,1536.3313,601.6811,16.59213,585.089,0.5811614,-0.56065917,-0.5944604,-0.033801258,89.888885,9.0,84.888885,0
32.83,130.68,70.0,4.073565,65.0,6097.2417,560.2825,14.502853,545.7796,0.6272975,-0.5725323,-0.5923495,-0.019817233,88.77778,107.0,83.77778,0
32.83,130.686,35.0,3.7526448,30.0,5998.773,560.4126,14.509421,545.9032,0.5495937,-0.5102117,-0.5401369,-0.029925168,65.77778,130.0,60.77778,0
32.83,130.692,12.0,2.173882,7.0,5855.781,560.62164,14.519967,546.1017,0.4221495,-0.41403717,-0.46571773,-0.051680565,44.333332,89.0,39.333332,0
32.83,130.698,51.0,2.8945394,46.0,5670.64,560.91205,14.534628,546.37744,0.42352644,-0.40972543,-0.4142005,-0.004475087,39.444443,56.0,34.444443,0
32.83,130.704,62.0,0.33328238,57.0,5469.2505,561.28033,14.553214,546.7271,0.4682403,-0.44460002,-0.44820648,-0.0036064684,43.666664,50.0,38.666664,0
32.83,130.71,56.0,2.8228235,51.0,5253.7114,561.71655,14.575228,547.1413,0.43759918,-0.41807413,-0.41379997,0.0042741597,37.11111,56.0,32.11111,0
32.83,130.716,25.0,2.1932905,20.0,5038.203,562.20844,14.600052,547.6084,0.47318205,-0.4489716,-0.46644136,-0.017469764,25.88889,56.0,20.88889,0
32.83,130.722,14.0,0.82083523,9.0,4822.7256,562.7514,14.627454,548.12396,0.400033,-0.38906634,-0.41072673,-0.021660388,25.333334,60.0,20.333334,0
32.83,130.728,41.0,3.28813,36.0,4622.565,563.364,14.658371,548.7056,0.5523806,-0.5160117,-0.50997895,0.006032765,47.77778,96.0,42.77778,0
32.83,130.734,65.0,2.2297788,60.0,4348.156,564.10876,14.695955,549.4128,0.856386,-0.750375,-0.7752155,-0.024840534,77.0,100.0,72.0,0
32.83,130.74,81.0,1.1708108,76.0,3952.8445,565.11414,14.746696,550.36743,0.77689075,-0.6900479,-0.7058468,-0.015798867,87.666664,65.0,82.666664,0
32.83,130.746,58.0,1.7705848,53.0,3557.5024,566.5936,14.821362,551.7723,0.51745266,-0.48900148,-0.49184135,-0.0028398633,77.111115,101.0,72.111115,0
32.83,130.752,49.0,3.2788384,44.0,3162.177,568.8502,14.935245,553.915,0.37661618,-0.37514403,-0.3644371,0.010706931,57.0,72.0,52.0,0
32.83,130.758,32.0,0.7321076,27.0,2766.8767,572.2418,15.106411,557.13544,0.34108832,-0.3471184,-0.3328399,0.014278501,46.88889,70.0,41.88889,0
32.83,130.764,44.0,1.9937266,39.0,2364.639,577.06,15.34957,561.71045,0.27102748,-0.29443517,-0.2995567,-0.005121529,48.666668,37.0,43.666668,0
32.83,130.77,69.0,1.5402569,64.0,1934.6582,583.2863,15.663793,567.6225,0.18963556,-0.21300337,-0.1980217,0.014981672,58.666668,38.0,53.666668,0
32.83,130.776,73.0,0.8400422,68.0,1504.7007,590.3195,16.018742,574.3008,0.21958317,-0.2328047,-0.20951933,0.023285374,67.55556,35.0,62.555557,0
32.83,130.782,73.0,1.0292779,68.0,1074.7661,596.98773,16.355268,580.63245,0.25332522,-0.26943347,-0.24489467,0.0245388,71.0,29.0,66.0,0
32.83,130.788,73.0,1.1020765,68.0,644.8546,602.071,16.611805,585.45917,0.25457767,-0.26804972,-0.24383052,0.0242192,80.44444,105.0,75.44444,0
32.83,130.794,68.0,4.068133,63.0,182.78325,604.9573,16.75747,588.1998,0.35148114,-0.35476032,-0.3413875,0.013372809,82.111115,105.0,77.111115,0
32.83,130.8,74.0,0.92533916,69.0,321.14664,605.8,16.800001,589.0,0.36123988,-0.36569,-0.3515298,0.014160186,86.22222,95.0,81.22222,0
32.83,130.806,78.0,0.5486444,73.0,825.0595,605.1742,16.768417,588.40576,0.43244722,-0.42606133,-0.45243633,-0.026374996,81.0,19.0,76.0,0
32.83,130.812,83.0,0.8880904,78.0,1328.9554,603.68774,16.693398,586.9943,0.41651055,-0.39977506,-0.4283578,-0.028582752,84.77778,15.0,79.77778,0
32.83,130.818,90.0,0.7194416,85.0,1832.8342,601.79724,16.597992,585.1992,0.45665827,-0.44597372,-0.45821133,-0.012237608,87.111115,15.0,82.111115,0
32.824,130.68,96.0,5.1712875,91.0,5441.044,559.3524,14.455916,544.8965,0.75775135,-0.66769844,-0.69955015,-0.03185171,76.55556,67.0,71.55556,0
32.824,130.686,47.0,4.1195145,42.0,5342.572,559.42004,14.45933,544.9607,0.55180454,-0.50993764,-0.5145922,-0.0046545267,52.555557,90.0,47.555557,0
32.824,130.692,21.0,1.6095878,16.0,5226.418,559.5704,14.466917,545.10345,0.43182915,-0.4145992,-0.4245154,-0.009916186,31.444445,60.0,26.444445,0
32.824,130.698,16.0,1.9954045,11.0,5041.268,559.80566,14.478792,545.32684,0.32563028,-0.328477,-0.31784374,0.01063326,30.11111,51.0,25.11111,0
32.824,130.704,41.0,1.0305414,36.0,4853.621,560.1177,14.494535,545.62317,0.38308978,-0.37468994,-0.35697612,0.017713815,33.555557,52.0,28.555555,0
32.824,130.71,17.0,2.527135,12.0,4638.071,560.48486,14.51307,545.9718,0.44519174,-0.42576572,-0.443235,-0.017469287,30.11111,52.0,25.11111,0
32.824,130.716,10.0,0.63607824,5.0,4422.5513,560.876,14.532806,546.34314,0.49215564,-0.46488342,-0.4938154,-0.028931975,19.555555,46.0,14.555555,0
32.824,130.722,11.0,3.0732248,6.0,4207.0625,561.25995,14.552186,546.70776,0.364364,-0.36107334,-0.34901345,0.012059897,25.88889,60.0,20.88889,0
32.824,130.728,70.0,4.9132695,65.0,3997.5747,561.6277,14.570741,547.05695,0.6698705,-0.60697067,-0.6199172,-0.012946546,42.666668,96.0,37.666668,0
32.824,130.734,107.0,2.1660137,102.0,3802.2046,562.0193,14.590508,547.4288,0.8454253,-0.73880196,-0.77506894,-0.036266983,61.22222,81.0,56.22222,0
32.824,130.74,97.0,2.4647062,92.0,3478.5698,562.5568,14.617635,547.9392,0.75452906,-0.67142934,-0.691052,-0.019622684,63.555557,82.0,58.555557,0
32.824,130.746,78.0,4.07335,73.0,3083.2595,563.47284,14.663866,548.80896,0.56587434,-0.52603483,-0.53966045,-0.013625622,52.88889,75.0,47.88889,0
32.824,130.752,22.0,2.276668,17.0,2687.9292,565.13184,14.747589,550.3843,0.3337606,-0.3345118,-0.3380796,-0.0035678148,41.77778,56.0,36.77778,0
32.824,130.758,36.0,1.7731719,31.0,2292.605,568.0155,14.893121,553.1224,0.26790214,-0.28295797,-0.2753818,0.0075761676,40.11111,33.0,35.11111,0
32.824,130.764,55.0,1.2311475,50.0,1897.3055,572.6063,15.124806,557.4815,0.20625867,-0.2252012,-0.19682865,0.028372556,48.11111,37.0,43.11111,0
32.824,130.77,60.0,1.0493101,55.0,1502.0311,579.0794,15.451485,563.6279,0.23592928,-0.25488228,-0.23124112,0.023641154,56.11111,29.0,51.11111,0
32.824,130.776,59.0,0.85927576,54.0,1074.8231,586.8655,15.844424,571.02106,0.33596897,-0.34631136,-0.32235843,0.023952931,60.22222,28.0,55.22222,0
32.824,130.782,61.0,1.0405935,56.0,644.86194,594.5376,16.231617,578.30597,0.2667792,-0.28861347,-0.2689984,0.019615054,61.11111,24.0,56.11111,0
32.824,130.788,56.0,0.8948855,51.0,214.92375,600.4917,16.532103,583.9596,0.26154596,-0.2820124,-0.2805549,0.0014575124,62.444443,24.0,57.444447,0
32.824,130.794,66.0,0.7947986,61.0,214.99136,603.9106,16.704647,587.20593,0.32691818,-0.33915478,-0.32788113,0.011273652,68.0,35.0,63.0,0
32.824,130.8,71.0,0.9727204,66.0,644.8835,604.9913,16.759186,588.23206,0.43128404,-0.4210052,-0.41866943,0.002335757,72.77778,25.0,67.77778,0
32.824,130.806,81.0,0.55366755,76.0,1121.5013,604.444,16.731564,587.7124,0.48057413,-0.47500062,-0.52060306,-0.04560244,75.666664,23.0,70.666664,0
32.824,130.812,75.0,0.8505968,70.0,1625.4297,602.97955,16.65766,586.3219,0.51172405,-0.4963989,-0.5279952,-0.031596333,77.77778,25.0,72.77778,0
32.824,130.818,88.0,1.4932945,83.0,2129.3408,601.104,16.563005,584.541,0.5742528,-0.53712577,-0.5457888,-0.008663058,80.77778,25.0,75.77778,0
32.818,130.68,102.0,4.2091064,97.0,4784.8457,558.41986,14.408853,544.011,0.7758349,-0.67925364,-0.7127649,-0.03351128,65.333336,90.0,60.333336,0
32.818,130.686,71.0,4.4840736,66.0,4686.3706,558.4214,14.408928,544.01245,0.6151722,-0.55848235,-0.5735063,-0.015023947,45.333336,93.0,40.333332,0
32.818,130.692,19.0,3.1014194,14.0,4587.928,558.5125,14.413529,544.099,0.34841996,-0.34590313,-0.33352816,0.012374967,24.333332,62.0,19.333332,0
32.818,130.698,11.0,0.9778782,6.0,4411.895,558.6979,14.422884,544.27496,0.21458055,-0.22705123,-0.19608988,0.03096135,21.88889,32.0,16.88889,0
32.818,130.704,38.0,0.51720333,33.0,4226.7676,558.96674,14.436452,544.5303,0.2973598,-0.3019525,-0.26822793,0.033724576,20.666666,31.0,15.666666,0
32.818,130.71,10.0,1.3511245,5.0,4022.4292,559.2869,14.452612,544.8343,0.3870678,-0.37697574,-0.39354235,-0.016566604,20.555555,31.0,15.555555,0
32.818,130.716,12.0,0.63650376,7.0,3806.8984,559.6041,14.4686165,545.1355,0.31233656,-0.31524837,-0.3114371,0.00381127,13.555555,11.0,8.555555,0
32.818,130.722,21.0,0.8715859,16.0,3591.3987,559.8532,14.481192,545.372,0.26149708,-0.27301952,-0.23734893,0.035670593,23.0,60.0,18.0,0
32.818,130.728,29.0,1.9886225,24.0,3375.9297,559.986,14.487892,545.4981,0.4077253,-0.38925594,-0.37791964,0.011336297,35.333332,96.0,30.333334,0
32.818,130.734,26.0,3.8664496,21.0,3177.2036,560.0092,14.489063,545.52014,0.5267882,-0.48858392,-0.48878658,-0.00020265579,46.77778,91.0,41.77778,0
32.818,130.74,35.0,3.4703119,30.0,2981.855,560.0261,14.489918,545.5362,0.5465914,-0.50784737,-0.5061521,0.0016952753,47.444443,91.0,42.444443,0
32.818,130.746,25.0,2.2385218,20.0,2608.9583,560.2747,14.502462,545.7723,0.36769626,-0.36059576,-0.34836972,0.012226045,39.77778,81.0,34.77778,0
32.818,130.752,31.0,1.0523264,26.0,2213.649,561.1591,14.547095,546.612,0.250346,-0.26113164,-0.23684563,0.024286017,36.555557,56.0,31.555555,0
32.818,130.758,45.0,0.82083523,40.0,1818.3303,563.2562,14.652929,548.6033,0.22313315,-0.24241115,-0.20960288,0.032808274,38.22222,33.0,33.22222,0
32.818,130.764,47.0,0.55756795,42.0,1423.0068,567.2206,14.853001,552.36755,0.2393454,-0.26048094,-0.23049976,0.029981181,45.555557,24.0,40.555557,0
32.818,130.77,45.0,0.830469,40.0,1027.7084,573.4502,15.167391,558.2828,0.27457207,-0.29440933,-0.2678236,0.026585728,49.666668,18.0,44.666668,0
32.818,130.776,53.0,0.6749346,48.0,632.43494,581.513,15.574301,565.9387,0.2666133,-0.29038575,-0.26577824,0.02460751,51.22222,19.0,46.22222,0
32.818,130.782,49.0,0.55756795,44.0,214.95473,589.874,15.996257,573.87775,0.33528298,-0.35279983,-0.37110525,-0.01830542,53.77778,17.0,48.77778,0
32.818,130.788,53.0,0.745802,48.0,215.0101,596.63727,16.337582,580.2997,0.4005054,-0.40623102,-0.451273,-0.04504198,57.444447,18.0,52.444447,0
32.818,130.794,63.0,1.803719,58.0,644.9519,600.7617,16.545734,584.216,0.37049225,-0.3761417,-0.39913866,-0.022996962,63.88889,35.0,58.88889,0
32.818,130.8,88.0,0.6196565,83.0,1074.8706,602.38965,16.627888,585.7618,0.4942797,-0.47418907,-0.48123008,-0.0070410073,67.666664,31.0,62.666668,0
32.818,130.806,66.0,1.5606742,61.0,1504.7664,602.2626,16.621475,585.6411,0.4372093,-0.4353407,-0.4732749,-0.037934184,69.55556,31.0,64.55556,0
32.818,130.812,65.0,0.56179875,60.0,1943.0109,601.1305,16.564342,584.56616,0.5286123,-0.5133111,-0.54462147,-0.03131038,71.333336,31.0,66.333336,0
32.818,130.818,74.0,1.1996548,69.0,2426.107,599.52454,16.483295,583.04126,0.6260384,-0.58829594,-0.6263206,-0.038024664,74.44444,23.0,69.44444,0
32.812,130.68,31.0,3.9350305,26.0,4128.647,557.4973,14.362294,543.135,0.6322,-0.5653433,-0.58142495,-0.016081631,44.77778,92.0,39.77778,0
32.812,130.686,12.0,2.84467,7.0,4030.1692,557.4277,14.358781,543.0689,0.4269808,-0.40590873,-0.4055686,0.0003401339,31.555555,94.0,26.555555,0
32.812,130.692,9.0,0.47454348,4.0,3931.7234,557.4574,14.36028,543.0971,0.27545583,-0.2810904,-0.25725803,0.02383238,20.777779,63.0,15.777778,0
32.812,130.698,13.0,1.4190722,8.0,3782.521,557.597,14.367325,543.2297,0.24489646,-0.24921948,-0.20850044,0.040719032,21.555555,30.0,16.555555,1
32.812,130.704,29.0,0.23749706,24.0,3597.3843,557.8379,14.379485,543.45844,0.31279108,-0.30706578,-0.27719674,0.02986905,21.444445,28.0,16.444445,0
32.812,130.71,11.0,0.6358536,6.0,3406.7861,558.14075,14.394768,543.746,0.23912013,-0.24780299,-0.21361494,0.034188047,20.777779,28.0,15.777778,0
32.812,130.716,17.0,0.48270214,12.0,3191.2444,558.4277,14.409248,544.01843,0.1856984,-0.20418417,-0.1658651,0.03831908,15.333334,13.0,10.333333,0
32.812,130.722,13.0,0.39623538,8.0,2975.7334,558.59357,14.41762,544.17596,0.2430386,-0.255509,-0.23228906,0.023219928,19.555555,17.0,14.555555,0
32.812,130.728,24.0,0.43664765,19.0,2760.2532,558.541,14.414968,544.12604,0.34338367,-0.33554277,-0.32842484,0.007117927,21.444445,16.0,16.444445,0
32.812,130.734,17.0,0.40819156,12.0,2552.2017,558.2354,14.399545,543.8359,0.2513474,-0.26195568,-0.2373235,0.024632186,24.222223,19.0,19.222223,0
32.812,130.74,16.0,0.6283469,11.0,2356.8433,557.7587,14.37549,543.38324,0.25865588,-0.27173007,-0.2543982,0.017331868,24.666666,19.0,19.666666,0
32.812,130.746,26.0,0.61377466,21.0,2134.6543,557.3511,14.354915,542.99615,0.2647965,-0.27421817,-0.23391974,0.040298432,27.444445,19.0,22.444445,1
32.812,130.752,28.0,0.6358536,23.0,1739.3208,557.44073,14.359442,543.0813,0.23995504,-0.25618303,-0.22319882,0.032984212,32.22222,20.0,27.222223,0
32.812,130.758,38.0,0.81192106,33.0,1344.0123,558.6585,14.420898,544.2376,0.2206875,-0.23988867,-0.20804901,0.031839654,37.666668,19.0,32.666668,0
32.812,130.764,42.0,0.47498596,37.0,948.70557,561.76086,14.577468,547.1834,0.18597792,-0.20766507,-0.17019202,0.037473053,41.0,11.0,36.0,0
32.812,130.77,42.0,0.3579786,37.0,553.38306,567.307,14.857365,552.44965,0.20267236,-0.2243993,-0.18600953,0.038389772,43.666668,16.0,38.666668,0
32.812,130.776,44.0,0.4287929,39.0,158.08548,575.0443,15.247843,559.79645,0.2387563,-0.2598716,-0.22817566,0.031695947,46.22222,16.0,41.22222,0
32.812,130.782,48.0,0.8768451,43.0,237.1871,583.5339,15.676288,567.8576,0.2437588,-0.26213434,-0.26199442,0.0001399219,51.22222,17.0,46.22222,0
32.812,130.788,61.0,0.6182535,56.0,644.94696,590.82117,16.044064,574.7771,0.26094124,-0.28399605,-0.31141192,-0.027415872,55.22222,15.0,50.22222,0
32.812,130.794,60.0,0.3630373,55.0,1074.9154,595.6951,16.290033,579.4051,0.3754375,-0.38691285,-0.43175623,-0.044843376,59.88889,42.0,54.88889,0
32.812,130.8,57.0,1.8073229,52.0,1504.8608,598.1221,16.412516,581.70953,0.46554738,-0.47756895,-0.5560619,-0.07849297,61.0,42.0,56.0,0
32.812,130.806,57.0,0.6283469,52.0,1934.7832,598.73047,16.443222,582.28723,0.52885294,-0.51550037,-0.56224906,-0.046748698,62.11111,42.0,57.11111,0
32.812,130.812,66.0,0.7280678,61.0,2364.6826,598.22327,16.417622,581.80566,0.5583149,-0.5333828,-0.55123454,-0.01785177,63.555557,18.0,58.555557,0
32.812,130.818,70.0,0.7260454,65.0,2794.769,597.1265,16.362272,580.7643,0.5718512,-0.554233,-0.6097317,-0.05549866,66.333336,16.0,61.333332,0
32.806,130.68,22.0,1.6849643,17.0,3472.4482,556.60187,14.317104,542.2848,0.52299154,-0.4819806,-0.46895725,0.013023347,16.444445,27.0,11.444445,0
32.806,130.686,10.0,0.7143103,5.0,3373.9675,556.45483,14.309683,542.14514,0.33344543,-0.328302,-0.30232513,0.025976866,13.444445,27.0,8.444445,0
32.806,130.692,8.0,1.2363632,3.0,3275.5188,556.4177,14.30781,542.1099,0.22224595,-0.23623891,-0.19838196,0.03785695,14.0,26.0,9.0,0
32.806,130.698,34.0,1.2782892,29.0,3153.146,556.51117,14.312526,542.19867,0.40336165,-0.38159707,-0.35131004,0.030287027,20.333334,26.0,15.333334,0
32.806,130.704,33.0,1.0203882,28.0,2968.0002,556.73584,14.323867,542.412,0.4447442,-0.41924435,-0.39164641,0.027597934,22.333334,23.0,17.333334,0
32.806,130.71,14.0,0.7247119,9.0,2782.886,557.0523,14.339833,542.71246,0.21984804,-0.23112112,-0.18826288,0.042858243,21.88889,22.0,16.88889,1
32.806,130.716,23.0,0.1589695,18.0,2575.5889,557.36365,14.355549,543.0081,0.20634873,-0.21854961,-0.17566033,0.042889282,16.777779,12.0,11.777778,1
32.806,130.722,17.0,0.1754714,12.0,2360.067,557.52167,14.363525,543.15814,0.21476032,-0.23217298,-0.19014603,0.042026952,18.222223,11.0,13.222222,1
32.806,130.728,20.0,0.5486444,15.0,2144.5754,557.3731,14.356029,543.0171,0.24668485,-0.25821856,-0.22464375,0.033574805,18.222223,13.0,13.222222,0
32.806,130.734,26.0,0.26915762,21.0,1929.1151,556.8388,14.329063,542.50977,0.2357617,-0.2543836,-0.21555711,0.03882648,20.0,11.0,15.0,0
32.806,130.74,25.0,0.17156428,20.0,1731.8306,555.98676,14.286061,541.7007,0.21777749,-0.23705044,-0.20169477,0.035355672,22.444445,16.0,17.444445,0
32.806,130.746,26.0,0.5534667,21.0,1536.4935,555.0705,14.23982,540.8307,0.21569313,-0.23300004,-0.19552334,0.037476704,26.555555,19.0,21.555555,0
32.806,130.752,35.0,0.5383034,30.0,1264.9901,554.54095,14.213093,540.3279,0.21090381,-0.23130465,-0.19358273,0.037721917,31.555555,12.0,26.555555,0
32.806,130.758,36.0,0.27684024,31.0,869.65753,555.0433,14.238445,540.8048,0.18420507,-0.20865943,-0.16971849,0.038940936,34.666664,14.0,29.666666,0
32.806,130.764,37.0,0.4319282,32.0,474.34998,557.3402,14.354368,542.98584,0.19973151,-0.22426826,-0.1847974,0.03947085,37.555553,10.0,32.555557,0
32.806,130.77,37.0,0.45921344,32.0,79.05495,562.01996,14.590543,547.42944,0.24768703,-0.2671089,-0.23404655,0.03306234,40.666668,14.0,35.666668,0
32.806,130.776,46.0,0.7653266,41.0,316.26666,568.9525,14.94041,554.0121,0.22689693,-0.24710199,-0.21866894,0.028433055,44.444443,15.0,39.444443,0
32.806,130.782,52.0,0.4768988,47.0,711.5633,576.9425,15.343642,561.5989,0.27508408,-0.29504248,-0.28794193,0.0071005523,48.77778,17.0,43.77778,0
32.806,130.788,55.0,0.7571327,50.0,1106.835,584.2462,15.71224,568.534,0.43694413,-0.4439708,-0.49384755,-0.04987675,50.666664,26.0,45.666664,0
32.806,130.794,56.0,1.1663166,51.0,1505.3523,589.63116,15.984003,573.64716,0.4463957,-0.4451931,-0.4756598,-0.030466676,50.333332,26.0,45.333332,0
32.806,130.8,46.0,0.7719948,41.0,1934.854,592.8488,16.146389,576.70245,0.5354038,-0.5307839,-0.5917871,-0.06100321,49.444443,25.0,44.444443,0
32.806,130.806,56.0,0.98527426,51.0,2364.803,594.3046,16.21986,578.0848,0.5757288,-0.5535506,-0.59540904,-0.041858435,51.11111,27.0,46.11111,0
32.806,130.812,58.0,1.0493101,53.0,2794.729,594.57,16.233252,578.33673,0.5353562,-0.5176313,-0.5535455,-0.035914183,55.333332,31.0,50.333332,0
32.806,130.818,60.0,0.88170046,55.0,3224.632,594.1236,16.210726,577.91284,0.5929485,-0.5665467,-0.5958038,-0.029257119,58.444443,28.0,53.444443,0
32.8,130.68,4.0,4.2739415,-1.0,2816.249,555.7567,14.27445,541.48224,0.56811464,-0.5201781,-0.51018995,0.009988129,37.22222,116.0,32.22222,0
32.8,130.686,12.0,0.6583662,7.0,2717.7654,555.52637,14.262825,541.26355,0.4990031,-0.46581057,-0.43365255,0.032158017,24.777779,116.0,19.777779,0
32.8,130.692,13.0,0.26348084,8.0,2619.3135,555.4143,14.25717,541.15717,0.32873055,-0.32831794,-0.2964488,0.031869143,15.333333,26.0,10.333333,0
32.8,130.698,15.0,1.2475595,10.0,2520.894,555.4551,14.259225,541.19586,0.18406048,-0.19684365,-0.15738165,0.039462,18.666668,26.0,13.666667,0
32.8,130.704,29.0,1.0280039,24.0,2338.6152,555.66565,14.269855,541.3958,0.18810733,-0.1990197,-0.16138491,0.03763479,20.555555,23.0,15.555555,0
32.8,130.71,23.0,0.561255,18.0,2153.492,556.0178,14.287627,541.7302,0.1456905,-0.16509344,-0.12771289,0.037380546,19.88889,22.0,14.888889,0
32.8,130.716,18.0,0.56179875,13.0,1959.9321,556.4064,14.307237,542.0991,0.16920789,-0.18748492,-0.14690554,0.04057938,16.777779,10.0,11.777778,1
32.8,130.722,15.0,0.17899106,10.0,1744.3989,556.64417,14.319236,542.32495,0.17971312,-0.19895369,-0.15506464,0.043889046,16.777779,10.0,11.777778,1
32.8,130.728,17.0,0.25734544,12.0,1528.8966,556.5187,14.312904,542.20575,0.19868438,-0.2188729,-0.17583402,0.04303889,16.666666,13.0,11.666667,1
32.8,130.734,15.0,0.5781961,10.0,1313.425,555.9062,14.281998,541.6242,0.2026103,-0.22107051,-0.18014088,0.04092963,18.777779,13.0,13.777778,1
32.8,130.74,20.0,0.8559337,15.0,1106.8167,554.87213,14.229808,540.64233,0.22266228,-0.24109916,-0.20576,0.03533916,22.0,18.0,17.0,0
32.8,130.746,31.0,0.6256471,26.0,911.47,553.6981,14.17056,539.5276,0.2053548,-0.22416677,-0.18580282,0.03836395,26.222221,16.0,21.222221,0
32.8,130.752,32.0,0.4319282,27.0,716.1544,552.8565,14.128087,538.7284,0.22002077,-0.24168639,-0.19944455,0.04224184,29.777777,13.0,24.777777,1
32.8,130.758,32.0,0.34312546,27.0,395.30002,552.96893,14.133759,538.8352,0.19638959,-0.22010332,-0.17731477,0.04278855,31.666666,12.0,26.666666,1
32.8,130.764,32.0,0.63978994,27.0,0.031592645,554.7146,14.22186,540.49274,0.20133263,-0.22347014,-0.1920111,0.031459033,34.0,14.0,29.0,0
32.8,130.77,42.0,0.6256471,37.0,395.33823,558.5865,14.41726,544.16925,0.2821249,-0.29916888,-0.2831044,0.016064495,37.22222,18.0,32.22222,0
32.8,130.776,44.0,0.49600175,39.0,790.6215,564.491,14.715248,549.77576,0.27740684,-0.2964399,-0.28025153,0.016188353,40.333336,24.0,35.333336,0
32.8,130.782,45.0,1.0292779,40.0,1185.9423,571.51776,15.069868,556.4479,0.3174971,-0.32844827,-0.32894012,-0.0004918575,42.0,27.0,37.0,0
32.8,130.788,44.0,1.226173,39.0,1581.2379,578.2969,15.411991,562.8849,0.33140627,-0.33415464,-0.30994737,0.024207264,41.22222,29.0,36.22222,0
32.8,130.794,35.0,1.2695316,30.0,1976.5087,583.7416,15.686769,568.0548,0.44869536,-0.4622671,-0.45955113,0.002715975,40.444443,29.0,35.444443,0
32.8,130.8,39.0,0.5937448,34.0,2371.9688,587.4605,15.874455,571.58606,0.51229167,-0.508743,-0.53942585,-0.030682862,39.666664,30.0,34.666664,0
32.8,130.806,39.0,1.2955883,34.0,2794.826,589.6196,15.98342,573.6362,0.46599463,-0.45460242,-0.47438255,-0.01978013,41.333332,32.0,36.333332,0
32.8,130.812,42.0,1.210114,37.0,3224.7786,590.60913,16.033361,574.57574,0.417893,-0.4184542,-0.42947766,-0.011023462,44.555553,34.0,39.555553,0
32.8,130.818,50.0,1.2802873,45.0,3654.7083,590.8161,16.043804,574.7723,0.41105947,-0.4147006,-0.4342535,-0.019552916,47.444443,27.0,42.444443,0
32.794,130.68,120.0,10.00047,115.0,2162.0374,554.99225,14.23587,540.75635,0.77068335,-0.67749995,-0.6872807,-0.009780765,34.444443,116.0,29.444443,0
32.794,130.686,21.0,5.447392,16.0,2061.5627,554.6763,14.219924,540.45636,0.51397926,-0.47591537,-0.44580904,0.030106336,24.555555,116.0,19.555555,0
32.794,130.692,13.0,0.46715626,8.0,1963.1082,554.48236,14.210137,540.2722,0.342546,-0.33638933,-0.31095302,0.025436312,14.222222,11.0,9.222222,0
32.794,130.698,12.0,0.23749706,7.0,1864.6855,554.45966,14.208992,540.2507,0.20178284,-0.21565486,-0.18537079,0.030284077,14.111112,20.0,9.111111,0
32.794,130.704,11.0,0.86380726,6.0,1709.2292,554.64685,14.218438,540.4284,0.20382643,-0.2181864,-0.19022194,0.027964458,14.777778,20.0,9.777778,0
32.794,130.71,14.0,0.5781961,9.0,1524.097,555.0383,14.238197,540.8001,0.17308606,-0.19406673,-0.16154687,0.032519862,15.555556,20.0,10.555555,0
32.794,130.716,14.0,0.262355,9.0,1338.9961,555.5373,14.26338,541.2739,0.1815625,-0.2009826,-0.16016963,0.04081297,14.222222,14.0,9.222222,1
32.794,130.722,13.0,0.25734544,8.0,1128.7299,555.93134,14.283263,541.6481,0.21714802,-0.2330179,-0.19425981,0.0387581,13.222222,11.0,8.222222,0
32.794,130.728,14.0,0.42890397,9.0,913.21643,555.95404,14.2844095,541.6696,0.17068884,-0.19288628,-0.14902818,0.043858096,12.666667,10.0,7.6666665,1
32.794,130.734,13.0,0.30744258,8.0,697.73376,555.43774,14.258352,541.1794,0.25730038,-0.2666238,-0.22802266,0.03860113,14.555555,13.0,9.555555,0
32.794,130.74,19.0,0.5534667,14.0,482.2819,554.4474,14.208373,540.239,0.26638645,-0.28406698,-0.25440103,0.029665947,18.11111,20.0,13.111112,0
32.794,130.746,23.0,0.71245855,18.0,286.44528,553.292,14.150064,539.1419,0.21081454,-0.23197465,-0.19282165,0.039152995,22.555555,17.0,17.555555,0
32.794,130.752,25.0,0.49904028,20.0,91.12002,552.44775,14.107456,538.3403,0.20946948,-0.23412757,-0.19394274,0.040184826,26.0,16.0,21.0,1
32.794,130.758,28.0,0.3370048,23.0,104.174095,552.4738,14.108772,538.36505,0.21711063,-0.2396141,-0.203681,0.035933092,27.666668,10.0,22.666668,0
32.794,130.764,28.0,0.4287929,23.0,474.4159,553.91315,14.181412,539.73175,0.32864153,-0.33232972,-0.33293322,-0.000603497,30.333334,17.0,25.333334,0
32.794,130.77,34.0,0.7358232,29.0,869.7466,557.11206,14.342853,542.7692,0.3484851,-0.3550841,-0.34619716,0.008886933,32.333332,20.0,27.333334,0
32.794,130.776,35.0,0.9107411,30.0,1265.0522,561.97455,14.588245,547.3863,0.2573484,-0.28593206,-0.2702581,0.015673965,33.666664,21.0,28.666668,0
32.794,130.782,28.0,0.9512353,23.0,1660.3329,567.8474,14.884635,552.96277,0.29858395,-0.31420276,-0.32206923,-0.007866472,33.11111,21.0,28.11111,0
32.794,130.788,29.0,0.8164733,24.0,2055.6436,573.74994,15.182521,558.56744,0.2309088,-0.24118479,-0.237223,0.0039617866,30.666666,26.0,25.666666,0
32.794,130.794,27.0,0.7159293,22.0,2450.9385,578.82874,15.43883,563.3899,0.37410742,-0.3909559,-0.40684256,-0.015886664,30.555555,25.0,25.555555,0
32.794,130.8,33.0,0.6453609,28.0,2846.2083,582.65936,15.632153,567.0272,0.44761622,-0.453292,-0.47417843,-0.020886421,28.777779,22.0,23.777779,0
32.794,130.806,26.0,0.9435211,21.0,3241.4531,585.22955,15.761866,569.4677,0.41863605,-0.42377734,-0.4432146,-0.019437253,30.11111,25.0,25.11111,0
32.794,130.812,33.0,1.1722989,28.0,3654.8308,586.7532,15.8387575,570.9144,0.35141835,-0.3703033,-0.3707495,-0.00044620037,30.777779,35.0,25.777779,0
32.794,130.818,37.0,1.5553181,32.0,4084.787,587.5024,15.876568,571.6258,0.274406,-0.2933522,-0.28395164,0.009400547,33.0,35.0,28.0,0
32.788,130.68,6.0,5.045528,1.0,1518.3458,554.34393,14.203153,540.1408,0.5209031,-0.48341283,-0.4649555,0.018457323,34.0,115.0,29.0,0
32.788,130.686,17.0,0.79039806,12.0,1405.36,553.94855,14.183197,539.7654,0.3432684,-0.33558977,-0.29965565,0.03593412,23.666668,115.0,18.666668,0
32.788,130.692,15.0,0.37963888,10.0,1306.9023,553.6735,14.169319,539.5042,0.16674191,-0.18163675,-0.14862153,0.03301522,13.222222,15.0,8.222222,0
32.788,130.698,10.0,0.33208665,5.0,1208.4769,553.58026,14.164614,539.41565,0.1962258,-0.21225874,-0.18311727,0.02914147,11.444445,7.0,6.4444447,0
32.788,130.704,9.0,0.12867337,4.0,1079.8422,553.72906,14.172119,539.55695,0.20357783,-0.21969523,-0.18474077,0.03495446,11.222222,7.0,6.2222223,0
32.788,130.71,10.0,0.1754714,5.0,894.701,554.1436,14.19304,539.95056,0.16856879,-0.18950877,-0.1507978,0.038710967,10.666667,8.0,5.6666665,0
32.788,130.716,12.0,0.34689838,7.0,709.59106,554.75134,14.223714,540.52765,0.17935358,-0.20073606,-0.16285935,0.03787671,11.0,8.0,6.0,0
32.788,130.722,9.0,0.30744258,4.0,513.0596,555.33813,14.253329,541.0848,0.24241398,-0.25939345,-0.23123896,0.028154492,10.0,8.0,5.0,0
32.788,130.728,7.0,0.3579786,2.0,297.53497,555.6022,14.266652,541.3355,0.22460906,-0.2467999,-0.215709,0.0310909,9.777778,8.0,4.7777777,0
32.788,130.734,11.0,0.50671065,6.0,82.04119,555.33545,14.253192,541.0823,0.31778294,-0.32033744,-0.2840356,0.03630185,10.111111,19.0,5.111111,0
32.788,130.74,15.0,0.85387105,10.0,133.42178,554.5898,14.215558,540.3742,0.27518597,-0.2856515,-0.24757184,0.038079664,13.0,23.0,8.0,0
32.788,130.746,16.0,0.52589875,11.0,338.5805,553.6746,14.169374,539.50525,0.22212075,-0.23802799,-0.1966671,0.041360885,16.555555,25.0,11.555555,1
32.788,130.752,22.0,0.6283469,17.0,533.91547,553.0381,14.137251,538.9008,0.21528274,-0.23263386,-0.19101757,0.04161629,20.333332,14.0,15.333333,1
32.788,130.758,25.0,0.5781961,20.0,729.2193,553.1521,14.143005,539.0091,0.21981497,-0.2375582,-0.19614486,0.041413337,23.11111,13.0,18.11111,1
32.788,130.764,25.0,0.1642281,20.0,959.8814,554.4204,14.207012,540.2134,0.2628438,-0.27734253,-0.2585329,0.018809617,25.222221,19.0,20.222221,0
32.788,130.77,27.0,0.6026186,22.0,1344.1576,557.0629,14.340371,542.72253,0.2634791,-0.27884236,-0.25452402,0.024318337,26.555555,15.0,21.555555,0
32.788,130.776,24.0,0.6196565,19.0,1739.4873,560.98627,14.538375,546.4479,0.22180302,-0.2497634,-0.21909805,0.030665353,25.777777,16.0,20.777777,0
32.788,130.782,24.0,0.38937244,19.0,2134.792,565.742,14.778382,550.9636,0.326821,-0.3447015,-0.33821195,0.006489545,24.555555,19.0,19.555555,0
32.788,130.788,25.0,0.61315674,20.0,2530.0718,570.6652,15.026843,555.63837,0.38407424,-0.38723436,-0.39406466,-0.006830305,22.0,18.0,17.0,0
32.788,130.794,19.0,0.68812037,14.0,2925.3708,575.134,15.252367,559.8816,0.3942164,-0.40399474,-0.40242177,0.0015729666,21.555555,23.0,16.555555,0
32.788,130.8,24.0,0.99166274,19.0,3320.6648,578.76685,15.435712,563.3311,0.350337,-0.36558187,-0.37193555,-0.0063536763,19.555555,24.0,14.555555,0
32.788,130.806,17.0,0.79076415,12.0,3715.9336,581.45605,15.571426,565.88464,0.26563892,-0.29116136,-0.27762476,0.013536602,19.555555,27.0,14.555555,0
32.788,130.812,18.0,1.1623905,13.0,4111.1777,583.28204,15.663578,567.61847,0.26761603,-0.29382983,-0.30070642,-0.006876588,18.444445,32.0,13.444445,0
32.788,130.818,15.0,1.4059658,10.0,4516.2607,584.4088,15.720445,568.68835,0.30439445,-0.3266251,-0.33602253,-0.009397417,19.0,32.0,14.0,0
32.782,130.68,5.0,0.11069665,0.0,908.1501,553.84674,14.17806,539.6687,0.194307,-0.21137203,-0.18408939,0.02728264,7.0,12.0,2.0,0
32.782,130.686,6.0,0.4626997,1.0,749.1569,553.3895,14.154986,539.23456,0.20155106,-0.21958114,-0.19188307,0.02769807,8.888889,12.0,3.8888888,0
32.782,130.692,10.0,0.5486444,5.0,650.69635,553.0479,14.137746,538.91016,0.24420571,-0.2527299,-0.2281476,0.024582297,10.555555,11.0,5.555556,0
32.782,130.698,15.0,0.19962032,10.0,552.2678,552.8906,14.129807,538.7608,0.15187173,-0.1678665,-0.13171603,0.03615047,9.666666,9.0,4.666667,0
32.782,130.704,8.0,0.19997087,3.0,450.45413,552.9934,14.134993,538.8584,0.17920114,-0.19621563,-0.16412248,0.032093152,9.333333,9.0,4.3333335,0
32.782,130.71,12.0,0.1333142,7.0,265.30396,553.4058,14.1558075,539.25,0.19218595,-0.20966572,-0.17730066,0.032365054,8.555555,6.0,3.5555556,0
32.782,130.716,6.0,0.299429,1.0,80.185036,554.0869,14.190184,539.8967,0.17482856,-0.19422422,-0.16106981,0.033154413,8.555555,7.0,3.5555556,0
32.782,130.722,9.0,0.17156428,4.0,104.902565,554.84467,14.228422,540.6163,0.27218026,-0.2857668,-0.2641398,0.021627009,7.444444,7.0,2.4444444,0
32.782,130.728,6.0,0.15307407,1.0,318.1477,555.37335,14.255106,541.1182,0.25210124,-0.26991513,-0.2501462,0.019768924,7.333333,6.0,2.3333335,0
32.782,130.734,6.0,0.37378407,1.0,533.6526,555.43945,14.25844,541.181,0.33129343,-0.33089635,-0.29906023,0.031836122,6.6666665,15.0,1.6666667,0
32.782,130.74,0.0,0.6910002,-5.0,749.1267,555.06195,14.239389,540.8226,0.42528376,-0.4052888,-0.37279025,0.03249854,8.666667,16.0,3.6666667,0
32.782,130.746,14.0,0.83870846,9.0,963.60736,554.5117,14.2116165,540.3001,0.2655078,-0.2769946,-0.2349949,0.041999683,11.333334,22.0,6.3333335,1
32.782,130.752,15.0,0.51720333,10.0,1158.952,554.1768,14.194718,539.9821,0.24835466,-0.26518312,-0.2304072,0.034775928,15.444445,17.0,10.444445,0
32.782,130.758,15.0,0.6949129,10.0,1354.2656,554.43884,14.207941,540.2309,0.2312789,-0.2485838,-0.21111535,0.03746845,18.11111,15.0,13.111112,0
32.782,130.764,25.0,0.61315674,20.0,1549.7847,555.5925,14.266164,541.32635,0.22909361,-0.24810627,-0.2072386,0.04086767,19.444445,15.0,14.444445,1
32.782,130.77,20.0,0.6749346,15.0,1830.9713,557.7775,14.376436,543.40106,0.22496153,-0.25352776,-0.22583528,0.027692482,19.666666,16.0,14.666667,0
32.782,130.776,21.0,0.55989754,16.0,2213.925,560.9182,14.534935,546.3833,0.21248104,-0.2383559,-0.20007765,0.038278252,18.666666,17.0,13.666667,0
32.782,130.782,19.0,0.6523985,14.0,2609.254,564.71545,14.726573,549.9889,0.24437737,-0.2699039,-0.2352772,0.034626693,16.88889,23.0,11.888889,0
32.782,130.788,16.0,1.0674921,11.0,3004.5576,568.7298,14.929165,553.80066,0.26161674,-0.28539336,-0.27164927,0.013744086,14.444444,23.0,9.444445,0
32.782,130.794,11.0,0.71245855,6.0,3399.8367,572.5253,15.120719,557.4046,0.27601305,-0.29703864,-0.30342582,-0.006387174,12.666666,23.0,7.6666665,0
32.782,130.8,10.0,0.906402,5.0,3795.124,575.7931,15.285631,560.50745,0.23264404,-0.25832167,-0.25765523,0.00066643953,11.333333,21.0,6.3333335,0
32.782,130.806,9.0,0.55366755,4.0,4190.417,578.3926,15.416823,562.97577,0.24329105,-0.29718417,-0.43959028,-0.1424061,10.777778,21.0,5.7777777,0
32.782,130.812,6.0,0.5937448,1.0,4585.685,580.323,15.514244,564.8088,0.25183362,-0.34005162,-0.60965335,-0.26960173,9.333333,14.0,4.3333335,0
32.782,130.818,5.0,0.48270214,0.0,4980.9277,581.66504,15.581972,566.08307,0.2950655,-0.37733805,-0.62691236,-0.2495743,8.555555,14.0,3.5555556,0
32.776,130.68,5.0,0.3091358,0.0,482.17322,553.5268,14.161915,539.36487,0.24109606,-0.24386093,-0.2276623,0.016198635,5.7777777,3.0,0.7777778,0
32.776,130.686,8.0,0.15307407,3.0,92.953476,553.036,14.137143,538.89886,0.21930186,-0.23636386,-0.21596633,0.020397529,7.0,5.0,2.0,0
32.776,130.692,8.0,0.11069665,3.0,5.5100803,552.6563,14.117981,538.5383,0.28066686,-0.28334326,-0.268369,0.014974266,8.0,11.0,3.0,0
32.776,130.698,6.0,0.48270214,1.0,103.94153,552.45844,14.107994,538.35046,0.13137726,-0.15104982,-0.12388809,0.027161732,8.111111,11.0,3.1111112,0
32.776,130.704,6.0,0.11069665,1.0,202.34088,552.5244,14.111325,538.4131,0.16515732,-0.18254343,-0.15712877,0.02541466,7.888889,11.0,2.8888888,0
32.776,130.71,8.0,0.30023566,3.0,364.09412,552.91766,14.131172,538.7865,0.19146621,-0.20844622,-0.17010888,0.038337335,7.333333,7.0,2.3333333,0
32.776,130.716,6.0,0.1754714,1.0,549.222,553.6227,14.166751,539.45593,0.16310771,-0.18658014,-0.14909774,0.037482396,7.111111,7.0,2.1111112,0
32.776,130.722,5.0,0.17899106,0.0,734.31854,554.4824,14.210138,540.2723,0.2444979,-0.26548558,-0.26500234,0.00048324466,6.4444447,4.0,1.4444444,0
32.776,130.728,7.0,0.051024795,2.0,933.83167,555.222,14.247466,540.97455,0.26366884,-0.285538,-0.30023968,-0.014701694,6.0,5.0,1.0,0
32.776,130.734,6.0,0.26915762,1.0,1149.3477,555.6091,14.266996,541.3421,0.2417662,-0.25681075,-0.23705813,0.019752622,4.4444447,7.0,-0.5555555,0
32.776,130.74,2.0,0.1642281,-3.0,1364.8329,555.6225,14.267677,541.3548,0.37413806,-0.3624299,-0.32444668,0.03798321,5.0,14.0,2.9802322e-08,0
32.776,130.746,8.0,0.65688545,3.0,1580.2872,555.46484,14.25972,541.20514,0.41822785,-0.40413162,-0.37650838,0.027623236,5.6666665,18.0,0.6666667,0
32.776,130.752,10.0,0.830469,5.0,1783.9896,555.44464,14.258699,541.1859,0.33845353,-0.3424781,-0.31723714,0.025240958,9.333334,18.0,4.333333,0
32.776,130.758,14.0,0.27684024,9.0,1979.313,555.86066,14.279699,541.58093,0.18716484,-0.2127269,-0.1717344,0.040992513,11.666667,28.0,6.6666665,1
32.776,130.764,12.0,0.7362164,7.0,2174.605,556.93256,14.333792,542.59875,0.18743943,-0.21332127,-0.1732291,0.04009217,14.111112,17.0,9.111111,1
32.776,130.77,12.0,0.34689838,7.0,2391.9087,558.7574,14.425889,544.3315,0.21853596,-0.24254192,-0.20731728,0.035224646,14.222222,18.0,9.222222,0
32.776,130.776,11.0,0.6090637,6.0,2702.9038,561.2841,14.553405,546.7307,0.229272,-0.25040254,-0.23134859,0.01905395,12.444445,21.0,7.4444447,0
32.776,130.782,10.0,0.935332,5.0,3083.7185,564.3176,14.706499,549.61115,0.2793759,-0.30117208,-0.3216714,-0.020499319,9.666667,21.0,4.6666665,0
32.776,130.788,2.0,0.71245855,-3.0,3479.0464,567.5698,14.870623,552.6992,0.35856947,-0.3851827,-0.4759002,-0.090717494,7.2222223,19.0,2.222222,0
32.776,130.794,4.0,0.38937244,-1.0,3874.349,570.7402,15.030625,555.70953,0.28203365,-0.35132557,-0.58475506,-0.23342949,5.6666665,15.0,0.6666667,0
32.776,130.8,3.0,0.34689838,-2.0,4269.627,573.592,15.174549,558.4174,0.23610032,-0.32031244,-0.58460313,-0.2642907,5.5555553,9.0,0.5555556,0
32.776,130.806,5.0,0.23749706,0.0,4664.903,575.98816,15.295477,560.6927,0.23288894,-0.33759135,-0.65023196,-0.3126406,5.111111,8.0,0.111111104,0
32.776,130.812,5.0,0.17899106,0.0,5060.195,577.8872,15.391317,562.4959,0.2761795,-0.37358627,-0.6602743,-0.28668806,5.0,7.0,-9.934108e-09,0
32.776,130.818,4.0,0.10204951,-1.0,5455.462,579.31525,15.463388,563.85187,0.29217193,-0.3916188,-0.6698403,-0.2782215,4.5555553,4.0,-0.44444445,0
32.77,130.68,6.0,0.04289119,1.0,727.0733,553.39453,14.155238,539.2393,0.30339685,-0.29661044,-0.31730992,-0.020699471,5.4444447,4.0,0.44444445,0
32.77,130.686,6.0,0.19997087,1.0,563.27026,552.90283,14.130422,538.7724,0.293388,-0.2952235,-0.31231132,-0.017087817,6.111111,5.0,1.1111112,0
32.77,130.692,9.0,0.19962032,4.0,661.7168,552.5204,14.111119,538.40924,0.23048142,-0.2421312,-0.22889255,0.013238654,5.888889,6.0,0.8888889,0
32.77,130.698,4.0,0.1642281,-1.0,760.1512,552.31525,14.10077,538.2145,0.18980893,-0.22458413,-0.29479325,-0.070209116,5.3333335,8.0,0.3333333,0
32.77,130.704,7.0,0.22044142,2.0,858.5535,552.3664,14.10335,538.26306,0.17994876,-0.20016654,-0.22882503,-0.028658494,5.111111,7.0,0.11111111,0
32.77,130.71,5.0,0.099810466,0.0,993.49316,552.73706,14.122056,538.615,0.18680279,-0.20702042,-0.1881905,0.018829912,5.7777777,7.0,0.7777778,0
32.77,130.716,8.0,0.04289119,3.0,1178.63,553.4242,14.156733,539.26746,0.18759052,-0.21080303,-0.18247865,0.02832438,6.0,3.0,1.0,0
32.77,130.722,5.0,0.11069665,0.0,1363.7356,554.3068,14.2012825,540.1055,0.1726843,-0.19292666,-0.1542576,0.038669065,5.666667,5.0,0.6666667,0
32.77,130.728,6.0,0.17899106,1.0,1549.8617,555.16223,14.244451,540.9178,0.22416048,-0.25040534,-0.30176863,-0.05136329,5.555556,5.0,0.5555556,0
32.77,130.734,4.0,0.1754714,-1.0,1765.044,555.7863,14.275945,541.5104,0.28670382,-0.31937143,-0.43794194,-0.11857051,4.5555553,6.0,-0.44444448,0
32.77,130.74,3.0,0.10204951,-2.0,1980.5403,556.1295,14.2932625,541.83624,0.23874815,-0.26858574,-0.32143435,-0.052848607,4.111111,6.0,-0.8888889,0
32.77,130.746,2.0,0.39993688,-3.0,2196.0059,556.3199,14.302872,542.017,0.3317696,-0.34656048,-0.428929,-0.08236852,3.3333333,13.0,-1.6666667,0
32.77,130.752,-3.0,0.4402192,-8.0,2409.0283,556.5815,14.316073,542.2654,0.4425398,-0.39529535,-0.3803384,0.014956951,5.5555553,17.0,0.5555555,0
32.77,130.758,9.0,0.7063584,4.0,2604.3613,557.13947,14.344233,542.7952,0.3491236,-0.3531508,-0.33666366,0.016487151,6.888889,17.0,1.8888888,0
32.77,130.764,8.0,0.37572014,3.0,2799.6633,558.1597,14.395723,543.764,0.25909185,-0.2840758,-0.29316065,-0.009084851,8.555555,12.0,3.5555556,0
32.77,130.77,12.0,0.4319282,7.0,2996.3733,559.71765,14.474351,545.2433,0.33864927,-0.36432073,-0.410929,-0.04660827,7.4444447,13.0,2.4444444,0
32.77,130.776,7.0,0.7998347,2.0,3250.0466,561.785,14.578685,547.2063,0.36795393,-0.40713516,-0.5179783,-0.11084315,6.4444447,13.0,1.4444444,0
32.77,130.782,0.0,0.37378407,-5.0,3575.0764,564.23755,14.7024555,549.5351,0.384647,-0.4319896,-0.5830584,-0.1510688,4.111111,12.0,-0.88888884,0
32.77,130.788,1.0,0.10204951,-4.0,3953.5376,566.8862,14.836128,552.0501,0.4233402,-0.46071804,-0.596544,-0.13582599,3.0,10.0,-2.0,0
32.77,130.794,2.0,0.13842092,-3.0,4348.8647,569.52576,14.969337,554.5564,0.38717964,-0.44597024,-0.6350021,-0.18903184,2.8888888,8.0,-2.1111112,0
32.77,130.8,2.0,0.27684024,-3.0,4744.1665,571.98004,15.093199,556.88684,0.30297837,-0.39069298,-0.67383873,-0.28314576,3.8888888,8.0,-1.1111112,0
32.77,130.806,4.0,0.0,-1.0,5139.4434,574.1306,15.201729,558.9289,0.28253695,-0.36897454,-0.6193892,-0.25041464,4.444444,7.0,-0.5555556,0
32.77,130.812,2.0,0.051024795,-3.0,5534.7075,575.9212,15.292099,560.6291,0.2883766,-0.38080728,-0.6387233,-0.25791603,8.111111,36.0,3.1111112,0
32.77,130.818,5.0,1.4897541,0.0,5929.9985,577.3471,15.364061,561.98303,0.30903786,-0.3958655,-0.6353653,-0.2394998,11.777778,36.0,6.777778,0
32.764,130.68,4.0,0.23749706,-1.0,1308.8806,553.4415,14.157611,539.28394,0.22792733,-0.24468687,-0.21813016,0.026556715,4.2222223,5.0,-0.7777778,0
32.764,130.686,5.0,0.04289119,0.0,1225.4735,552.9787,14.134253,538.8444,0.19426812,-0.21244149,-0.18630621,0.02613528,4.7777777,8.0,-0.22222222,0
32.764,130.692,4.0,0.27684024,-1.0,1317.9238,552.6253,14.116418,538.5089,0.18661623,-0.20332575,-0.18012652,0.02319923,4.4444447,8.0,-0.5555555,0
32.764,130.698,3.0,0.19997087,-2.0,1416.3612,552.4433,14.10723,538.33606,0.17293021,-0.20919316,-0.26245984,-0.05326669,3.888889,8.0,-1.111111,0
32.764,130.704,1.0,0.2299254,-4.0,1514.7665,552.5012,14.110158,538.39105,0.2682451,-0.28092235,-0.32032305,-0.039400697,4.111111,6.0,-0.8888889,0
32.764,130.71,6.0,0.22139247,1.0,1624.3287,552.85297,14.127906,538.72504,0.24638273,-0.2628109,-0.27244675,-0.009635866,5.0,7.0,-9.934108e-09,0
32.764,130.716,5.0,0.214455,0.0,1808.0391,553.4974,14.160429,539.337,0.22308707,-0.23868974,-0.21759345,0.02109629,5.4444447,5.0,0.44444445,0
32.764,130.722,6.0,0.11069665,1.0,1993.1536,554.3444,14.203174,540.14124,0.20661119,-0.22695771,-0.1995473,0.027410403,4.888889,5.0,-0.11111111,0
32.764,130.728,3.0,0.1333142,-2.0,2178.2368,555.2268,14.24771,540.9791,0.22242486,-0.25070834,-0.29761577,-0.046907425,5.0,5.0,0.0,0
32.764,130.734,8.0,0.06665719,3.0,2380.7415,555.9839,14.285915,541.698,0.23523654,-0.3018827,-0.5424752,-0.24059251,3.8888888,8.0,-1.111111,0
32.764,130.74,2.0,0.33208665,-3.0,2596.2488,556.5557,14.3147745,542.24097,0.19129114,-0.281616,-0.6122148,-0.3305988,3.1111112,8.0,-1.8888888,0
32.764,130.746,2.0,0.10204951,-3.0,2811.7256,557.0103,14.337715,542.6726,0.19700095,-0.29051676,-0.6506851,-0.3601683,1.8888888,8.0,-3.1111112,0
32.764,130.752,4.0,0.3579786,-1.0,3027.1714,557.49585,14.362222,543.1336,0.39218926,-0.4014234,-0.53148,-0.13005662,3.3333333,12.0,-1.6666666,0
32.764,130.758,4.0,0.17156428,-1.0,3229.411,558.1732,14.396403,543.7768,0.47876513,-0.45637172,-0.47953883,-0.023167104,4.3333335,12.0,-0.6666667,0
32.764,130.764,4.0,0.23749706,-1.0,3424.7224,559.16595,14.446507,544.7194,0.35669878,-0.37023446,-0.43400398,-0.06376952,5.3333335,11.0,0.33333334,0
32.764,130.77,2.0,0.53634846,-3.0,3620.003,560.53516,14.515607,546.01953,0.4023797,-0.42514825,-0.54354066,-0.11839241,4.4444447,13.0,-0.5555555,0
32.764,130.776,-1.0,0.19997087,-6.0,3835.1226,562.26935,14.603128,547.6662,0.3955106,-0.44055593,-0.57595694,-0.13540101,3.5555556,13.0,-1.4444444,0
32.764,130.782,5.0,0.1754714,0.0,4114.202,564.2914,14.705172,549.5862,0.37400812,-0.4186318,-0.5371559,-0.118524134,2.7777777,8.0,-2.2222223,0
32.764,130.788,2.0,0.26662698,-3.0,4447.3594,566.4777,14.815511,551.66223,0.4052642,-0.4368748,-0.536969,-0.1000942,3.222222,11.0,-1.7777778,0
32.764,130.794,1.0,0.52589875,-4.0,4823.401,568.688,14.927058,553.7609,0.37799242,-0.42194724,-0.5635797,-0.14163244,6.888889,28.0,1.8888888,0
32.764,130.8,9.0,1.1757451,4.0,5218.7085,570.79395,15.033338,555.7606,0.35445037,-0.40840796,-0.5874929,-0.17908493,8.333333,28.0,3.3333333,0
32.764,130.806,5.0,0.3992358,0.0,5614.0093,572.6992,15.129492,557.5697,0.25561896,-0.36083752,-0.65929997,-0.29846245,9.444445,27.0,4.444444,0
32.764,130.812,5.0,1.8019505,0.0,6009.2856,574.34735,15.212671,559.1347,0.25540045,-0.35847017,-0.6338515,-0.27538136,16.11111,55.0,11.111112,0
32.764,130.818,38.0,4.032562,33.0,6404.538,575.7183,15.281859,560.43646,0.5863081,-0.56211483,-0.63559663,-0.0734818,24.888887,55.0,19.88889,0
32.758,130.68,1.0,0.41043866,-4.0,1945.7872,553.6442,14.167839,539.4764,0.23519139,-0.26024607,-0.2493621,0.010883972,3.4444444,4.0,-1.5555555,0
32.758,130.686,5.0,0.10204951,0.0,1890.6821,553.23145,14.147008,539.0844,0.14001563,-0.16019802,-0.12468491,0.03551311,3.4444444,4.0,-1.5555555,0
32.758,130.692,3.0,0.2412731,-2.0,1974.1312,552.9283,14.131706,538.7966,0.13235779,-0.15394035,-0.13372263,0.020217717,3.2222223,4.0,-1.7777778,0
32.758,130.698,1.0,0.04289119,-4.0,2072.5715,552.78766,14.124611,538.663,0.20702653,-0.2513552,-0.45466605,-0.20331085,1.7777778,6.0,-3.2222223,0
32.758,130.704,3.0,0.33208665,-2.0,2170.9797,552.8653,14.128532,538.73676,0.22269826,-0.27387956,-0.47271097,-0.19883141,2.3333335,9.0,-2.6666667,0
32.758,130.71,7.0,0.25734544,2.0,2270.5593,553.20135,14.145488,539.05585,0.22136773,-0.27230066,-0.44674337,-0.17444271,2.4444444,9.0,-2.5555556,0
32.758,130.716,3.0,0.299429,-2.0,2437.4492,553.7929,14.175344,539.61755,0.25317836,-0.27874944,-0.31091273,-0.032163292,3.4444444,8.0,-1.5555556,0
32.758,130.722,4.0,0.22044142,-1.0,2622.5725,554.574,14.214762,540.3592,0.21938127,-0.25258535,-0.31373334,-0.061147988,2.8888888,7.0,-2.1111112,0
32.758,130.728,4.0,0.099810466,-1.0,2807.6648,555.426,14.257763,541.1683,0.24971662,-0.27609697,-0.31283215,-0.036735177,3.777778,7.0,-1.2222222,0
32.758,130.734,5.0,0.3284535,0.0,2996.5261,556.2311,14.298395,541.9327,0.20720291,-0.26060265,-0.4170739,-0.15647125,3.2222223,8.0,-1.7777778,0
32.758,130.74,0.0,0.1754714,-5.0,3211.9587,556.9331,14.333819,542.5993,0.23065554,-0.30381566,-0.5757647,-0.27194905,3.3333333,8.0,-1.6666666,0
32.758,130.746,2.0,0.28573382,-3.0,3427.4465,557.5604,14.36548,543.19495,0.25130782,-0.32655895,-0.6371639,-0.31060493,3.222222,5.0,-1.7777778,0
32.758,130.752,5.0,0.1589695,0.0,3642.9036,558.20294,14.397908,543.80505,0.39994398,-0.41760853,-0.54007566,-0.12246713,4.2222223,4.0,-0.7777778,0
32.758,130.758,5.0,0.1333142,0.0,3854.4614,558.96857,14.436545,544.53204,0.44465625,-0.46979654,-0.5280407,-0.05824417,4.333333,3.0,-0.6666666,0
32.758,130.764,3.0,0.20855638,-2.0,4049.7827,559.9458,14.485865,545.45996,0.48297152,-0.5109628,-0.58712834,-0.07616556,4.888889,15.0,-0.11111108,0
32.758,130.77,1.0,0.6026186,-4.0,4245.0728,561.1827,14.548283,546.6344,0.47728404,-0.508201,-0.59054184,-0.08234084,4.4444447,17.0,-0.5555555,0
32.758,130.776,4.0,0.38937244,-1.0,4443.1714,562.6777,14.6237335,548.05396,0.4426227,-0.4816993,-0.6046685,-0.12296921,4.555556,17.0,-0.44444445,0
32.758,130.782,2.0,0.06665719,-3.0,4686.1914,564.384,14.709847,549.67413,0.31858882,-0.3938382,-0.57751656,-0.18367836,5.4444447,21.0,0.44444442,0
32.758,130.788,5.0,0.8982215,0.0,4981.255,566.2212,14.802564,551.41864,0.35469273,-0.3964559,-0.5179371,-0.12148121,9.333333,33.0,4.333333,0
32.758,130.794,11.0,1.8709699,6.0,5319.708,568.09326,14.897043,553.1962,0.4323131,-0.4493699,-0.49635243,-0.046982527,14.555555,33.0,9.555555,0
32.758,130.8,29.0,0.47454348,24.0,5693.818,569.9077,14.988614,554.9191,0.49541312,-0.49106726,-0.5421473,-0.05108002,16.333334,33.0,11.333333,0
32.758,130.806,12.0,1.0889952,7.0,6088.578,571.5893,15.073478,556.5158,0.31979623,-0.38831097,-0.6023056,-0.21399462,19.11111,44.0,14.111111,0
32.758,130.812,17.0,2.969496,12.0,6483.8784,573.08746,15.149087,557.93835,0.4071054,-0.43306476,-0.5379988,-0.10493404,36.11111,111.0,31.11111,0
32.758,130.818,57.0,5.262937,52.0,6879.1533,574.37665,15.214149,559.1625,0.7299896,-0.64810735,-0.6830165,-0.03490913,54.77778,111.0,49.77778,0
32.752,130.68,3.0,0.20855638,-2.0,2597.5742,553.97015,14.184286,539.7859,0.2264147,-0.24818951,-0.2290516,0.019137904,2.777778,4.0,-2.2222223,0
32.752,130.686,5.0,0.1333142,0.0,2556.5508,553.6184,14.166538,539.45184,0.15994853,-0.18450058,-0.19524603,-0.010745451,2.6666667,4.0,-2.3333333,0
32.752,130.692,1.0,0.1754714,-4.0,2630.3389,553.3745,14.154224,539.2203,0.17665015,-0.23513961,-0.46109724,-0.22595763,2.6666667,4.0,-2.3333333,0
32.752,130.698,2.0,0.1754714,-3.0,2728.7822,553.2816,14.14954,539.1321,0.16979003,-0.24746022,-0.65491515,-0.40745494,1.5555556,5.0,-3.4444444,0
32.752,130.704,-2.0,0.11069665,-7.0,2827.1934,553.38214,14.1546135,539.22754,0.16423438,-0.23874052,-0.6517909,-0.4130504,2.0,9.0,-3.0,0
32.752,130.71,0.0,0.22044142,-5.0,2925.5725,553.7037,14.17084,539.53284,0.22015782,-0.2992013,-0.64242184,-0.34322053,2.0,9.0,-3.0,0
32.752,130.716,-1.0,0.06665719,-6.0,3066.86,554.24164,14.197988,540.04364,0.23315221,-0.29115143,-0.5025758,-0.21142438,2.2222223,8.0,-2.7777777,0
32.752,130.722,1.0,0.19962032,-4.0,3251.9927,554.94836,14.233657,540.7147,0.21652257,-0.30334768,-0.6481895,-0.3448418,2.1111112,5.0,-2.8888888,0
32.752,130.728,1.0,0.06665719,-4.0,3437.0938,555.7427,14.27374,541.46893,0.3358688,-0.36604783,-0.5508916,-0.18484375,2.4444444,5.0,-2.5555556,0
32.752,130.734,2.0,0.19997087,-3.0,3622.1636,556.5416,14.314063,542.22754,0.3844674,-0.3860851,-0.40995172,-0.023866624,3.0,6.0,-2.0,0
32.752,130.74,4.0,0.299429,-1.0,3827.67,557.2988,14.352278,542.94653,0.40588576,-0.40017414,-0.41916087,-0.018986732,3.5555556,6.0,-1.4444444,0
32.752,130.746,5.0,0.17899106,0.0,4043.1687,558.0209,14.388717,543.63214,0.45104507,-0.46580684,-0.56147,-0.09566313,4.2222223,6.0,-0.7777778,0
32.752,130.752,5.0,0.051024795,0.0,4258.6367,558.75775,14.425903,544.33185,0.5069224,-0.52100164,-0.61252195,-0.09152031,5.0,4.0,0.0,0
32.752,130.758,6.0,0.11069665,1.0,4474.074,559.57697,14.467253,545.10974,0.47558612,-0.507548,-0.6173538,-0.10980582,4.6666665,3.0,-0.3333333,0
32.752,130.764,3.0,0.512034,-2.0,4674.844,560.53894,14.515799,546.02313,0.41954684,-0.46710536,-0.58045775,-0.11335239,5.6666665,15.0,0.6666667,0
32.752,130.77,16.0,0.36237043,11.0,4870.144,561.6789,14.573327,547.1056,0.4293704,-0.43902662,-0.47553235,-0.03650573,7.111111,17.0,2.1111112,0
32.752,130.776,8.0,0.8575378,3.0,5065.4126,562.99976,14.639989,548.35974,0.47929108,-0.48196214,-0.54193175,-0.059969604,9.666667,26.0,4.6666665,0
32.752,130.782,4.0,1.2345934,-1.0,5280.375,564.4734,14.714356,549.75903,0.43412724,-0.47581974,-0.62437135,-0.14855161,12.888888,26.0,7.888889,0
32.752,130.788,20.0,1.8204734,15.0,5543.918,566.04706,14.793776,551.2533,0.4315408,-0.44451326,-0.51328325,-0.06876999,19.444445,42.0,14.444445,0
32.752,130.794,34.0,1.4151218,29.0,5849.9253,567.6553,14.874938,552.78033,0.4446972,-0.44033155,-0.4351475,0.0051840544,23.444445,39.0,18.444445,0
32.752,130.8,20.0,0.56179875,15.0,6192.103,569.23157,14.954492,554.2771,0.5313335,-0.5241281,-0.5430872,-0.018959105,26.666666,33.0,21.666666,0
32.752,130.806,26.0,2.0174265,21.0,6564.797,570.7185,15.029531,555.68896,0.41457516,-0.44790912,-0.5822275,-0.13431841,32.22222,61.0,27.222221,0
32.752,130.812,49.0,5.168383,44.0,6958.4736,572.0735,15.097914,556.9756,0.64374065,-0.6082191,-0.6756356,-0.06741649,62.444443,156.0,57.444443,0
32.752,130.818,116.0,8.2736,111.0,7353.773,573.2709,15.158345,558.11255,0.84640145,-0.72539943,-0.75617677,-0.030777335,91.22222,151.0,86.22222,0
32.746,130.68,2.0,0.11069665,-3.0,3255.3154,554.3852,14.205234,540.17993,0.21266982,-0.22874038,-0.23285446,-0.0041140765,2.7777777,3.0,-2.2222223,0
32.746,130.686,3.0,0.099810466,-2.0,3222.6702,554.09686,14.190682,539.9062,0.23788397,-0.25656042,-0.28067848,-0.024118066,2.6666667,4.0,-2.3333335,0
32.746,130.692,1.0,0.12867337,-4.0,3286.5469,553.912,14.181352,539.73065,0.21697748,-0.26551607,-0.46516436,-0.19964829,2.6666667,4.0,-2.3333335,0
32.746,130.698,3.0,0.051024795,-2.0,3384.9932,553.8646,14.178962,539.68567,0.22867602,-0.29264465,-0.6115769,-0.31893227,2.0,7.0,-3.0,0
32.746,130.704,2.0,0.30454046,-3.0,3483.4072,553.9856,14.185066,539.80054,0.19835213,-0.27275932,-0.65906566,-0.38630635,1.7777778,7.0,-3.2222223,0
32.746,130.71,2.0,0.1333142,-3.0,3581.7893,554.29297,14.200579,540.0924,0.26215136,-0.31887367,-0.61909854,-0.30022487,2.1111112,9.0,-2.8888888,0
32.746,130.716,4.0,0.3579786,-1.0,3701.349,554.78156,14.225233,540.55634,0.3720962,-0.3876572,-0.49538028,-0.10772309,1.8888888,8.0,-3.1111112,0
32.746,130.722,0.0,0.06665719,-5.0,3881.4136,555.4175,14.257331,541.16016,0.40283245,-0.42344326,-0.5684277,-0.14498442,2.4444444,8.0,-2.5555556,0
32.746,130.728,3.0,0.19962032,-2.0,4066.5237,556.146,14.294097,541.8519,0.4648876,-0.47864538,-0.5640388,-0.08539343,2.6666667,8.0,-2.3333333,0
32.746,130.734,2.0,0.299429,-3.0,4251.6025,556.91034,14.332671,542.5777,0.4318416,-0.46888623,-0.5084454,-0.039559156,3.8888888,7.0,-1.1111112,0
32.746,130.74,6.0,0.20409837,1.0,4443.4,557.67426,14.371222,543.30304,0.237748,-0.269579,-0.2653254,0.004253596,4.888889,6.0,-0.11111111,0
32.746,130.746,6.0,0.099810466,1.0,4658.892,558.4339,14.409562,544.02435,0.35390773,-0.39217892,-0.45424148,-0.06206256,5.5555553,4.0,0.5555556,0
32.746,130.752,5.0,0.12867337,0.0,4874.3716,559.21436,14.448951,544.7654,0.47387406,-0.50178695,-0.59561867,-0.09383172,6.111111,3.0,1.1111112,0
32.746,130.758,6.0,0.06665719,1.0,5089.82,560.0554,14.491399,545.564,0.4382747,-0.48877713,-0.6335231,-0.14474598,5.888889,6.0,0.8888889,0
32.746,130.764,4.0,0.262355,-1.0,5299.9062,560.99536,14.538832,546.45654,0.3922314,-0.4620026,-0.60473907,-0.14273646,7.0,13.0,2.0,0
32.746,130.77,7.0,0.8560264,2.0,5495.216,562.05817,14.592468,547.4657,0.37748125,-0.40864062,-0.46737507,-0.058734447,8.222222,15.0,3.2222223,0
32.746,130.776,18.0,1.0347049,13.0,5690.4946,563.24756,14.652493,548.5951,0.4878073,-0.5021054,-0.5332707,-0.031165302,11.0,23.0,6.0,0
32.746,130.782,27.0,0.57145345,22.0,5890.039,564.54596,14.7180195,549.82794,0.56433266,-0.5636129,-0.58766747,-0.024054587,17.0,30.0,12.0,0
32.746,130.788,28.0,1.0548656,23.0,6127.429,565.91864,14.787298,551.13135,0.5717385,-0.5466143,-0.5619773,-0.015363038,25.666668,40.0,20.666668,0
32.746,130.794,44.0,0.44277835,39.0,6405.6367,567.3206,14.85805,552.4626,0.374774,-0.36665827,-0.37581772,-0.009159446,28.777779,24.0,23.777779,0
32.746,130.8,20.0,0.38601494,15.0,6719.5933,568.70404,14.927868,553.7762,0.41662043,-0.43756533,-0.532134,-0.09456867,33.0,30.0,28.0,0
32.746,130.806,44.0,2.8911505,39.0,7064.5337,570.0256,14.994561,555.031,0.6071196,-0.57858604,-0.653571,-0.07498497,43.666668,62.0,38.666668,0
32.746,130.812,73.0,6.456,68.0,7436.1465,571.2507,15.056389,556.1943,0.7299236,-0.6570546,-0.67612505,-0.019070446,84.44444,142.0,79.44444,0
32.746,130.818,168.0,9.722502,163.0,7828.395,572.3561,15.112176,557.2439,0.79271257,-0.6943769,-0.72060496,-0.02622807,119.55555,119.0,114.55555,0
32.74,130.68,2.0,0.10204951,-3.0,3916.0115,554.8587,14.229131,540.6296,0.0,0.0,0.0,0.0,2.3333333,1.0,-2.6666667,0
32.74,130.686,3.0,0.10204951,-2.0,3888.9111,554.6304,14.217608,540.4128,0.23999633,-0.2574722,-0.23848201,0.018990174,2.6666667,3.0,-2.3333333,0
32.74,130.692,4.0,0.262355,-1.0,3942.8928,554.49915,14.210984,540.28815,0.3136149,-0.32226795,-0.3535133,-0.03124535,2.7777777,3.0,-2.2222223,0
32.74,130.698,2.0,0.099810466,-3.0,4041.2043,554.49097,14.210572,540.2804,0.43670204,-0.4285107,-0.54013103,-0.11162034,3.1111112,4.0,-1.888889,0
32.74,130.704,5.0,0.25734544,0.0,4139.6216,554.6279,14.217484,540.41046,0.3370462,-0.35749882,-0.5782554,-0.22075659,2.7777777,3.0,-2.2222223,0
32.74,130.71,2.0,0.10204951,-3.0,4238.0063,554.9215,14.232301,540.6892,0.36922812,-0.38636032,-0.6264285,-0.24006817,4.0,5.0,-1.0,0
32.74,130.716,7.0,0.25734544,2.0,4345.346,555.3668,14.254775,541.11206,0.51909864,-0.5020831,-0.58015126,-0.07806814,3.1111112,7.0,-1.888889,0
32.74,130.722,2.0,0.19962032,-3.0,4510.8354,555.94037,14.283719,541.6567,0.42335185,-0.43249363,-0.48826525,-0.05577162,3.8888888,7.0,-1.1111112,0
32.74,130.728,5.0,0.3509395,0.0,4695.9546,556.60516,14.317269,542.2879,0.22259206,-0.25176626,-0.27107257,-0.019306302,3.8888888,8.0,-1.1111112,0
32.74,130.734,8.0,0.51720333,3.0,4881.0425,557.32245,14.35347,542.969,0.26703393,-0.31478372,-0.36327565,-0.048491925,5.0,6.0,-9.934108e-09,0
32.74,130.74,4.0,0.17899106,-1.0,5066.165,558.06506,14.390947,543.67413,0.20701697,-0.24519056,-0.24726003,-0.0020694733,5.7777777,6.0,0.7777778,0
32.74,130.746,7.0,0.22139247,2.0,5274.6167,558.8251,14.429301,544.39575,0.22145754,-0.25505787,-0.25257918,0.002478689,6.111111,4.0,1.111111,0
32.74,130.752,8.0,0.25734544,3.0,5490.107,559.6128,14.469058,545.14374,0.3682789,-0.40583733,-0.4768453,-0.07100797,6.7777777,3.0,1.7777778,0
32.74,130.758,7.0,0.099810466,2.0,5705.5664,560.4499,14.511306,545.9386,0.3155076,-0.3817046,-0.505606,-0.1239014,7.0,5.0,2.0,0
32.74,130.764,9.0,0.44087633,4.0,5920.995,561.3589,14.557177,546.8017,0.3742534,-0.4521565,-0.5958926,-0.1437361,6.5555553,5.0,1.5555556,0
32.74,130.77,5.0,0.30744258,0.0,6120.289,562.3546,14.607429,547.7472,0.3524253,-0.3961266,-0.4606376,-0.064511,7.2222223,14.0,2.2222223,0
32.74,130.776,4.0,1.2275653,-1.0,6315.5776,563.43945,14.662179,548.7773,0.40170807,-0.46241742,-0.5847233,-0.12230587,10.0,23.0,5.0,0
32.74,130.782,10.0,2.113236,5.0,6510.8345,564.60187,14.720842,549.88104,0.46233106,-0.49214262,-0.55038524,-0.05824262,18.777779,30.0,13.777778,0
32.74,130.788,34.0,1.1427933,29.0,6726.3643,565.81824,14.78223,551.036,0.52611357,-0.5194327,-0.5526464,-0.033213675,27.444445,34.0,22.444445,0
32.74,130.794,30.0,1.2275653,25.0,6980.757,567.05707,14.844752,552.21234,0.41878507,-0.41911232,-0.45276898,-0.033656657,30.88889,24.0,25.88889,0
32.74,130.8,29.0,1.2794203,24.0,7269.9346,568.28406,14.9066725,553.3774,0.46617007,-0.47347957,-0.55933493,-0.085855365,36.22222,30.0,31.222221,0
32.74,130.806,50.0,2.750743,45.0,7589.923,569.46643,14.966345,554.50006,0.68328923,-0.63285154,-0.68912196,-0.05627042,51.0,62.0,46.0,0
32.74,130.812,82.0,5.246766,77.0,7936.995,570.5768,15.022382,555.5544,0.75592107,-0.6766053,-0.69413054,-0.017525256,94.77778,124.0,89.77778,0
32.74,130.818,152.0,7.2354245,147.0,8307.757,571.59503,15.073769,556.52124,0.6863965,-0.6228718,-0.642048,-0.019176185,131.22221,95.0,126.22222,0
