lat,lon,elev_m
32.74,130.68,2.0
32.74,130.686,3.0
32.74,130.692,4.0
32.74,130.698,2.0
32.74,130.704,5.0
32.74,130.71,2.0
32.74,130.716,7.0
32.74,130.722,2.0
32.74,130.728,5.0
32.74,130.734,8.0
32.74,130.74,4.0
32.74,130.746,7.0
32.74,130.752,8.0
32.74,130.758,7.0
32.74,130.764,9.0
32.74,130.77,5.0
32.74,130.776,4.0
32.74,130.782,10.0
32.74,130.788,34.0
32.74,130.794,30.0
32.74,130.8,29.0
32.74,130.806,50.0
32.74,130.812,82.0
32.74,130.818,152.0
32.746,130.68,2.0
32.746,130.686,3.0
32.746,130.692,1.0
32.746,130.698,3.0
32.746,130.704,2.0
32.746,130.71,2.0
32.746,130.716,4.0
32.746,130.722,0.0
32.746,130.728,3.0
32.746,130.734,2.0
32.746,130.74,6.0
32.746,130.746,6.0
32.746,130.752,5.0
32.746,130.758,6.0
32.746,130.764,4.0
32.746,130.77,7.0
32.746,130.776,18.0
32.746,130.782,27.0
32.746,130.788,28.0
32.746,130.794,44.0
32.746,130.8,20.0
32.746,130.806,44.0
32.746,130.812,73.0
32.746,130.818,168.0
32.752,130.68,3.0
32.752,130.686,5.0
32.752,130.692,1.0
32.752,130.698,2.0
32.752,130.704,-2.0
32.752,130.71,0.0
32.752,130.716,-1.0
32.752,130.722,1.0
32.752,130.728,1.0
32.752,130.734,2.0
32.752,130.74,4.0
32.752,130.746,5.0
32.752,130.752,5.0
32.752,130.758,6.0
32.752,130.764,3.0
32.752,130.77,16.0
32.752,130.776,8.0
32.752,130.782,4.0
32.752,130.788,20.0
32.752,130.794,34.0
32.752,130.8,20.0
32.752,130.806,26.0
32.752,130.812,49.0
32.752,130.818,116.0
32.758,130.68,1.0
32.758,130.686,5.0
32.758,130.692,3.0
32.758,130.698,1.0
32.758,130.704,3.0
32.758,130.71,7.0
32.758,130.716,3.0
32.758,130.722,4.0
32.758,130.728,4.0
32.758,130.734,5.0
32.758,130.74,0.0
32.758,130.746,2.0
32.758,130.752,5.0
32.758,130.758,5.0
32.758,130.764,3.0
32.758,130.77,1.0
32.758,130.776,4.0
32.758,130.782,2.0
32.758,130.788,5.0
32.758,130.794,11.0
32.758,130.8,29.0
32.758,130.806,12.0
32.758,130.812,17.0
32.758,130.818,57.0
32.764,130.68,4.0
32.764,130.686,5.0
32.764,130.692,4.0
32.764,130.698,3.0
32.764,130.704,1.0
32.764,130.71,6.0
32.764,130.716,5.0
32.764,130.722,6.0
32.764,130.728,3.0
32.764,130.734,8.0
32.764,130.74,2.0
32.764,130.746,2.0
32.764,130.752,4.0
32.764,130.758,4.0
32.764,130.764,4.0
32.764,130.77,2.0
32.764,130.776,-1.0
32.764,130.782,5.0
32.764,130.788,2.0
32.764,130.794,1.0
32.764,130.8,9.0
32.764,130.806,5.0
32.764,130.812,5.0
32.764,130.818,38.0
32.77,130.68,6.0
32.77,130.686,6.0
32.77,130.692,9.0
32.77,130.698,4.0
32.77,130.704,7.0
32.77,130.71,5.0
32.77,130.716,8.0
32.77,130.722,5.0
32.77,130.728,6.0
32.77,130.734,4.0
32.77,130.74,3.0
32.77,130.746,2.0
32.77,130.752,-3.0
32.77,130.758,9.0
32.77,130.764,8.0
32.77,130.77,12.0
32.77,130.776,7.0
32.77,130.782,0.0
32.77,130.788,1.0
32.77,130.794,2.0
32.77,130.8,2.0
32.77,130.806,4.0
32.77,130.812,2.0
32.77,130.818,5.0
32.776,130.68,5.0
32.776,130.686,8.0
32.776,130.692,8.0
32.776,130.698,6.0
32.776,130.704,6.0
32.776,130.71,8.0
32.776,130.716,6.0
32.776,130.722,5.0
32.776,130.728,7.0
32.776,130.734,6.0
32.776,130.74,2.0
32.776,130.746,8.0
32.776,130.752,10.0
32.776,130.758,14.0
32.776,130.764,12.0
32.776,130.77,12.0
32.776,130.776,11.0
32.776,130.782,10.0
32.776,130.788,2.0
32.776,130.794,4.0
32.776,130.8,3.0
32.776,130.806,5.0
32.776,130.812,5.0
32.776,130.818,4.0
32.782,130.68,5.0
32.782,130.686,6.0
32.782,130.692,10.0
32.782,130.698,15.0
32.782,130.704,8.0
32.782,130.71,12.0
32.782,130.716,6.0
32.782,130.722,9.0
32.782,130.728,6.0
32.782,130.734,6.0
32.782,130.74,0.0
32.782,130.746,14.0
32.782,130.752,15.0
32.782,130.758,15.0
32.782,130.764,25.0
32.782,130.77,20.0
32.782,130.776,21.0
32.782,130.782,19.0
32.782,130.788,16.0
32.782,130.794,11.0
32.782,130.8,10.0
32.782,130.806,9.0
32.782,130.812,6.0
32.782,130.818,5.0
32.788,130.68,6.0
32.788,130.686,17.0
32.788,130.692,15.0
32.788,130.698,10.0
32.788,130.704,9.0
32.788,130.71,10.0
32.788,130.716,12.0
32.788,130.722,9.0
32.788,130.728,7.0
32.788,130.734,11.0
32.788,130.74,15.0
32.788,130.746,16.0
32.788,130.752,22.0
32.788,130.758,25.0
32.788,130.764,25.0
32.788,130.77,27.0
32.788,130.776,24.0
32.788,130.782,24.0
32.788,130.788,25.0
32.788,130.794,19.0
32.788,130.8,24.0
32.788,130.806,17.0
32.788,130.812,18.0
32.788,130.818,15.0
32.794,130.68,120.0
32.794,130.686,21.0
32.794,130.692,13.0
32.794,130.698,12.0
32.794,130.704,11.0
32.794,130.71,14.0
32.794,130.716,14.0
32.794,130.722,13.0
32.794,130.728,14.0
32.794,130.734,13.0
32.794,130.74,19.0
32.794,130.746,23.0
32.794,130.752,25.0
32.794,130.758,28.0
32.794,130.764,28.0
32.794,130.77,34.0
32.794,130.776,35.0
32.794,130.782,28.0
32.794,130.788,29.0
32.794,130.794,27.0
32.794,130.8,33.0
32.794,130.806,26.0
32.794,130.812,33.0
32.794,130.818,37.0
32.8,130.68,4.0
32.8,130.686,12.0
32.8,130.692,13.0
32.8,130.698,15.0
32.8,130.704,29.0
32.8,130.71,23.0
32.8,130.716,18.0
32.8,130.722,15.0
32.8,130.728,17.0
32.8,130.734,15.0
32.8,130.74,20.0
32.8,130.746,31.0
32.8,130.752,32.0
32.8,130.758,32.0
32.8,130.764,32.0
32.8,130.77,42.0
32.8,130.776,44.0
32.8,130.782,45.0
32.8,130.788,44.0
32.8,130.794,35.0
32.8,130.8,39.0
32.8,130.806,39.0
32.8,130.812,42.0
32.8,130.818,50.0
32.806,130.68,22.0
32.806,130.686,10.0
32.806,130.692,8.0
32.806,130.698,34.0
32.806,130.704,33.0
32.806,130.71,14.0
32.806,130.716,23.0
32.806,130.722,17.0
32.806,130.728,20.0
32.806,130.734,26.0
32.806,130.74,25.0
32.806,130.746,26.0
32.806,130.752,35.0
32.806,130.758,36.0
32.806,130.764,37.0
32.806,130.77,37.0
32.806,130.776,46.0
32.806,130.782,52.0
32.806,130.788,55.0
32.806,130.794,56.0
32.806,130.8,46.0
32.806,130.806,56.0
32.806,130.812,58.0
32.806,130.818,60.0
32.812,130.68,31.0
32.812,130.686,12.0
32.812,130.692,9.0
32.812,130.698,13.0
32.812,130.704,29.0
32.812,130.71,11.0
32.812,130.716,17.0
32.812,130.722,13.0
32.812,130.728,24.0
32.812,130.734,17.0
32.812,130.74,16.0
32.812,130.746,26.0
32.812,130.752,28.0
32.812,130.758,38.0
32.812,130.764,42.0
32.812,130.77,42.0
32.812,130.776,44.0
32.812,130.782,48.0
32.812,130.788,61.0
32.812,130.794,60.0
32.812,130.8,57.0
32.812,130.806,57.0
32.812,130.812,66.0
32.812,130.818,70.0
32.818,130.68,102.0
32.818,130.686,71.0
32.818,130.692,19.0
32.818,130.698,11.0
32.818,130.704,38.0
32.818,130.71,10.0
32.818,130.716,12.0
32.818,130.722,21.0
32.818,130.728,29.0
32.818,130.734,26.0
32.818,130.74,35.0
32.818,130.746,25.0
32.818,130.752,31.0
32.818,130.758,45.0
32.818,130.764,47.0
32.818,130.77,45.0
32.818,130.776,53.0
32.818,130.782,49.0
32.818,130.788,53.0
32.818,130.794,63.0
32.818,130.8,88.0
32.818,130.806,66.0
32.818,130.812,65.0
32.818,130.818,74.0
32.824,130.68,96.0
32.824,130.686,47.0
32.824,130.692,21.0
32.824,130.698,16.0
32.824,130.704,41.0
32.824,130.71,17.0
32.824,130.716,10.0
32.824,130.722,11.0
32.824,130.728,70.0
32.824,130.734,107.0
32.824,130.74,97.0
32.824,130.746,78.0
32.824,130.752,22.0
32.824,130.758,36.0
32.824,130.764,55.0
32.824,130.77,60.0
32.824,130.776,59.0
32.824,130.782,61.0
32.824,130.788,56.0
32.824,130.794,66.0
32.824,130.8,71.0
32.824,130.806,81.0
32.824,130.812,75.0
32.824,130.818,88.0
32.83,130.68,70.0
32.83,130.686,35.0
32.83,130.692,12.0
32.83,130.698,51.0
32.83,130.704,62.0
32.83,130.71,56.0
32.83,130.716,25.0
32.83,130.722,14.0
32.83,130.728,41.0
32.83,130.734,65.0
32.83,130.74,81.0
32.83,130.746,58.0
32.83,130.752,49.0
32.83,130.758,32.0
32.83,130.764,44.0
32.83,130.77,69.0
32.83,130.776,73.0
32.83,130.782,73.0
32.83,130.788,73.0
32.83,130.794,68.0
32.83,130.8,74.0
32.83,130.806,78.0
32.83,130.812,83.0
32.83,130.818,90.0
32.836,130.68,142.0
32.836,130.686,101.0
32.836,130.692,68.0
32.836,130.698,48.0
32.836,130.704,36.0
32.836,130.71,66.0
32.836,130.716,21.0
32.836,130.722,13.0
32.836,130.728,23.0
32.836,130.734,86.0
32.836,130.74,123.0
32.836,130.746,94.0
32.836,130.752,92.0
32.836,130.758,52.0
32.836,130.764,40.0
32.836,130.77,50.0
32.836,130.776,78.0
32.836,130.782,85.0
32.836,130.788,81.0
32.836,130.794,161.0
32.836,130.8,89.0
32.836,130.806,88.0
32.836,130.812,90.0
32.836,130.818,90.0
32.842,130.68,136.0
32.842,130.686,73.0
32.842,130.692,46.0
32.842,130.698,21.0
32.842,130.704,57.0
32.842,130.71,67.0
32.842,130.716,28.0
32.842,130.722,16.0
32.842,130.728,43.0
32.842,130.734,50.0
32.842,130.74,81.0
32.842,130.746,78.0
32.842,130.752,66.0
32.842,130.758,72.0
32.842,130.764,58.0
32.842,130.77,43.0
32.842,130.776,55.0
32.842,130.782,69.0
32.842,130.788,88.0
32.842,130.794,81.0
32.842,130.8,85.0
32.842,130.806,89.0
32.842,130.812,92.0
32.842,130.818,92.0
32.848,130.68,106.0
32.848,130.686,78.0
32.848,130.692,58.0
32.848,130.698,31.0
32.848,130.704,47.0
32.848,130.71,48.0
32.848,130.716,31.0
32.848,130.722,30.0
32.848,130.728,42.0
32.848,130.734,45.0
32.848,130.74,39.0
32.848,130.746,50.0
32.848,130.752,74.0
32.848,130.758,79.0
32.848,130.764,80.0
32.848,130.77,78.0
32.848,130.776,42.0
32.848,130.782,45.0
32.848,130.788,48.0
32.848,130.794,60.0
32.848,130.8,65.0
32.848,130.806,77.0
32.848,130.812,87.0
32.848,130.818,85.0
32.854,130.68,91.0
32.854,130.686,66.0
32.854,130.692,73.0
32.854,130.698,22.0
32.854,130.704,33.0
32.854,130.71,75.0
32.854,130.716,43.0
32.854,130.722,20.0
32.854,130.728,31.0
32.854,130.734,34.0
32.854,130.74,45.0
32.854,130.746,60.0
32.854,130.752,65.0
32.854,130.758,71.0
32.854,130.764,76.0
32.854,130.77,80.0
32.854,130.776,80.0
32.854,130.782,87.0
32.854,130.788,80.0
32.854,130.794,51.0
32.854,130.8,51.0
32.854,130.806,55.0
32.854,130.812,56.0
32.854,130.818,63.0
